date,item_name,category,quantity_sold,unit_price,stock_left,revenue,month
2025-01-01,Anklet,Gold Jewelry,9,4004291.0,91,36038619.0,1
2025-01-02,Bracelet,Gold Jewelry,5,4516467.0,95,22582335.0,1
2025-01-03,Bangle,Gold Jewelry,12,2481808.0,88,29781696.0,1
2025-01-04,Gold Bar,Gold Jewelry,6,3641278.0,94,21847668.0,1
2025-01-05,Anklet,Gold Jewelry,8,4872574.0,83,38980592.0,1
2025-01-06,Charm,Gold Jewelry,0,4690995.0,100,0.0,1
2025-01-07,Necklace,Gold Jewelry,10,4730679.0,90,47306790.0,1
2025-01-08,Anklet,Gold Jewelry,6,4336121.0,77,26016726.0,1
2025-01-09,Bangle,Gold Jewelry,7,3175682.0,81,22229774.0,1
2025-01-10,Gold Bar,Gold Jewelry,11,4893439.0,83,53827829.0,1
2025-01-11,Bracelet,Gold Jewelry,13,4569987.0,82,59409831.0,1
2025-01-12,Bangle,Gold Jewelry,2,4403138.0,79,8806276.0,1
2025-01-13,Bangle,Gold Jewelry,3,4050940.0,76,12152820.0,1
2025-01-14,Necklace,Gold Jewelry,9,4105909.0,81,36953181.0,1
2025-01-15,Pendant,Gold Jewelry,5,3345084.0,95,16725420.0,1
2025-01-16,Gold Bar,Gold Jewelry,9,2351067.0,74,21159603.0,1
2025-01-17,Earring,Gold Jewelry,0,2299464.0,100,0.0,1
2025-01-18,Bangle,Gold Jewelry,12,2553596.0,64,30643152.0,1
2025-01-19,Pendant,Gold Jewelry,13,4682829.0,82,60876777.0,1
2025-01-20,Earring,Gold Jewelry,3,4595558.0,97,13786674.0,1
2025-01-21,Gold Bar,Gold Jewelry,7,2128581.0,67,14900067.0,1
2025-01-22,Ring,Gold Jewelry,4,3187003.0,96,12748012.0,1
2025-01-23,Charm,Gold Jewelry,0,3094349.0,100,0.0,1
2025-01-24,Pendant,Gold Jewelry,0,3481039.0,82,0.0,1
2025-01-25,Brooch,Gold Jewelry,2,2350540.0,98,4701080.0,1
2025-01-26,Ring,Gold Jewelry,8,2514090.0,88,20112720.0,1
2025-01-27,Charm,Gold Jewelry,7,3431412.0,93,24019884.0,1
2025-01-28,Necklace,Gold Jewelry,0,3643869.0,81,0.0,1
2025-01-29,Anklet,Gold Jewelry,10,2886328.0,67,28863280.0,1
2025-01-30,Bracelet,Gold Jewelry,5,2629675.0,77,13148375.0,1
2025-01-31,Brooch,Gold Jewelry,0,3185694.0,98,0.0,1
2025-02-01,Necklace,Gold Jewelry,6,3373597.0,75,20241582.0,2
2025-02-02,Gold Bar,Gold Jewelry,3,2864923.0,64,8594769.0,2
2025-02-03,Necklace,Gold Jewelry,12,3310815.0,63,39729780.0,2
2025-02-04,Anklet,Gold Jewelry,0,3910291.0,67,0.0,2
2025-02-05,Gold Bar,Gold Jewelry,11,4593008.0,53,50523088.0,2
2025-02-06,Brooch,Gold Jewelry,1,4394219.0,97,4394219.0,2
2025-02-07,Anklet,Gold Jewelry,0,3376811.0,67,0.0,2
2025-02-08,Earring,Gold Jewelry,4,3654125.0,93,14616500.0,2
2025-02-09,Bracelet,Gold Jewelry,11,2335980.0,66,25695780.0,2
2025-02-10,Brooch,Gold Jewelry,10,4453379.0,87,44533790.0,2
2025-02-11,Earring,Gold Jewelry,4,3654312.0,89,14617248.0,2
2025-02-12,Charm,Gold Jewelry,7,3310467.0,86,23173269.0,2
2025-02-13,Brooch,Gold Jewelry,5,2185574.0,82,10927870.0,2
2025-02-14,Charm,Gold Jewelry,7,4592466.0,79,32147262.0,2
2025-02-15,Gold Bar,Gold Jewelry,1,4061596.0,52,4061596.0,2
2025-02-16,Earring,Gold Jewelry,0,2311816.0,89,0.0,2
2025-02-17,Bracelet,Gold Jewelry,5,2814145.0,61,14070725.0,2
2025-02-18,Anklet,Gold Jewelry,11,3041481.0,56,33456291.0,2
2025-02-19,Bangle,Gold Jewelry,12,2087007.0,52,25044084.0,2
2025-02-20,Necklace,Gold Jewelry,9,3130710.0,54,28176390.0,2
2025-02-21,Ring,Gold Jewelry,2,4255824.0,86,8511648.0,2
2025-02-22,Bracelet,Gold Jewelry,0,4364377.0,61,0.0,2
2025-02-23,Earring,Gold Jewelry,5,2219569.0,84,11097845.0,2
2025-02-24,Bangle,Gold Jewelry,1,4938756.0,51,4938756.0,2
2025-02-25,Bracelet,Gold Jewelry,6,2834064.0,55,17004384.0,2
2025-02-26,Earring,Gold Jewelry,11,3881207.0,73,42693277.0,2
2025-02-27,Pendant,Gold Jewelry,1,3637973.0,81,3637973.0,2
2025-02-28,Pendant,Gold Jewelry,5,3740952.0,76,18704760.0,2
2025-03-01,Charm,Gold Jewelry,0,3511071.0,79,0.0,3
2025-03-02,Bracelet,Gold Jewelry,2,4623165.0,53,9246330.0,3
2025-03-03,Pendant,Gold Jewelry,1,4421677.0,75,4421677.0,3
2025-03-04,Earring,Gold Jewelry,6,2768954.0,67,16613724.0,3
2025-03-05,Charm,Gold Jewelry,13,4939556.0,66,64214228.0,3
2025-03-06,Earring,Gold Jewelry,3,2739173.0,64,8217519.0,3
2025-03-07,Charm,Gold Jewelry,0,4885380.0,66,0.0,3
2025-03-08,Bracelet,Gold Jewelry,5,3772957.0,48,18864785.0,3
2025-03-09,Bangle,Gold Jewelry,11,2349775.0,40,25847525.0,3
2025-03-10,Anklet,Gold Jewelry,9,2713447.0,47,24421023.0,3
2025-03-11,Brooch,Gold Jewelry,3,3095904.0,79,9287712.0,3
2025-03-12,Bangle,Gold Jewelry,4,3014114.0,36,12056456.0,3
2025-03-13,Gold Bar,Gold Jewelry,12,4004291.0,40,48051492.0,3
2025-03-14,Earring,Gold Jewelry,12,4649987.0,52,55799844.0,3
2025-03-15,Gold Bar,Gold Jewelry,14,4790413.0,26,67065782.0,3
2025-03-16,Bangle,Gold Jewelry,14,4088259.0,22,57235626.0,3
2025-03-17,Charm,Gold Jewelry,8,2839125.0,58,22713000.0,3
2025-03-18,Brooch,Gold Jewelry,6,4573232.0,73,27439392.0,3
2025-03-19,Brooch,Gold Jewelry,9,3500599.0,64,31505391.0,3
2025-03-20,Ring,Gold Jewelry,13,4417907.0,73,57432791.0,3
2025-03-21,Brooch,Gold Jewelry,13,4835803.0,51,62865439.0,3
2025-03-22,Anklet,Gold Jewelry,8,4018030.0,39,32144240.0,3
2025-03-23,Brooch,Gold Jewelry,6,2378884.0,45,14273304.0,3
2025-03-24,Bangle,Gold Jewelry,11,4870915.0,11,53580065.0,3
2025-03-25,Ring,Gold Jewelry,0,3879253.0,73,0.0,3
2025-03-26,Bangle,Gold Jewelry,11,4980827.0,100,54789097.0,3
2025-03-27,Bangle,Gold Jewelry,7,4405662.0,93,30839634.0,3
2025-03-28,Necklace,Gold Jewelry,3,2730605.0,51,8191815.0,3
2025-03-29,Ring,Gold Jewelry,2,3530016.0,71,7060032.0,3
2025-03-30,Bangle,Gold Jewelry,13,2959113.0,80,38468469.0,3
2025-03-31,Necklace,Gold Jewelry,12,4737294.0,39,56847528.0,3
2025-04-01,Necklace,Gold Jewelry,0,4256549.0,39,0.0,4
2025-04-02,Ring,Gold Jewelry,11,4391204.0,60,48303244.0,4
2025-04-03,Gold Bar,Gold Jewelry,2,2432721.0,24,4865442.0,4
2025-04-04,Charm,Gold Jewelry,7,2469832.0,51,17288824.0,4
2025-04-05,Anklet,Gold Jewelry,5,2339575.0,34,11697875.0,4
2025-04-06,Charm,Gold Jewelry,0,3507200.0,51,0.0,4
2025-04-07,Brooch,Gold Jewelry,3,2077336.0,42,6232008.0,4
2025-04-08,Anklet,Gold Jewelry,7,4004291.0,27,28030037.0,4
2025-04-09,Brooch,Gold Jewelry,7,3691425.0,35,25839975.0,4
2025-04-10,Bangle,Gold Jewelry,11,4657122.0,69,51228342.0,4
2025-04-11,Earring,Gold Jewelry,0,3936963.0,52,0.0,4
2025-04-12,Ring,Gold Jewelry,8,3160316.0,52,25282528.0,4
2025-04-13,Anklet,Gold Jewelry,13,4823605.0,14,62706865.0,4
2025-04-14,Anklet,Gold Jewelry,4,3499447.0,10,13997788.0,4
2025-04-15,Bangle,Gold Jewelry,3,3671471.0,66,11014413.0,4
2025-04-16,Gold Bar,Gold Jewelry,5,4330848.0,19,21654240.0,4
2025-04-17,Necklace,Gold Jewelry,5,4465166.0,34,22325830.0,4
2025-04-18,Bangle,Gold Jewelry,1,3551839.0,65,3551839.0,4
2025-04-19,Pendant,Gold Jewelry,7,3690974.0,68,25836818.0,4
2025-04-20,Necklace,Gold Jewelry,6,2730796.0,28,16384776.0,4
2025-04-21,Ring,Gold Jewelry,0,2434039.0,52,0.0,4
2025-04-22,Necklace,Gold Jewelry,4,2584214.0,24,10336856.0,4
2025-04-23,Gold Bar,Gold Jewelry,11,4897351.0,8,53870861.0,4
2025-04-24,Necklace,Gold Jewelry,5,4967690.0,19,24838450.0,4
2025-04-25,Ring,Gold Jewelry,3,2498048.0,49,7494144.0,4
2025-04-26,Gold Bar,Gold Jewelry,1,2609939.0,7,2609939.0,4
2025-04-27,Charm,Gold Jewelry,12,2331452.0,39,27977424.0,4
2025-04-28,Anklet,Gold Jewelry,13,4396505.0,97,57154565.0,4
2025-04-29,Anklet,Gold Jewelry,3,2837883.0,94,8513649.0,4
2025-04-30,Brooch,Gold Jewelry,0,2236243.0,35,0.0,4
2025-05-01,Charm,Gold Jewelry,6,3198882.0,33,19193292.0,5
2025-05-02,Charm,Gold Jewelry,1,2809968.0,32,2809968.0,5
2025-05-03,Necklace,Gold Jewelry,12,4004291.0,7,48051492.0,5
2025-05-04,Anklet,Gold Jewelry,1,4251421.0,93,4251421.0,5
2025-05-05,Ring,Gold Jewelry,8,4976715.0,41,39813720.0,5
2025-05-06,Bracelet,Gold Jewelry,4,3669234.0,44,14676936.0,5
2025-05-07,Bracelet,Gold Jewelry,1,2690835.0,43,2690835.0,5
2025-05-08,Gold Bar,Gold Jewelry,10,2823778.0,97,28237780.0,5
2025-05-09,Anklet,Gold Jewelry,8,3040089.0,85,24320712.0,5
2025-05-10,Anklet,Gold Jewelry,8,2826871.0,77,22614968.0,5
2025-05-11,Bracelet,Gold Jewelry,0,3531760.0,43,0.0,5
2025-05-12,Anklet,Gold Jewelry,10,2208480.0,67,22084800.0,5
2025-05-13,Necklace,Gold Jewelry,0,4058503.0,7,0.0,5
2025-05-14,Pendant,Gold Jewelry,3,2568867.0,65,7706601.0,5
2025-05-15,Earring,Gold Jewelry,13,4501003.0,39,58513039.0,5
2025-05-16,Charm,Gold Jewelry,6,4373981.0,26,26243886.0,5
2025-05-17,Brooch,Gold Jewelry,9,2325354.0,26,20928186.0,5
2025-05-18,Gold Bar,Gold Jewelry,3,3828271.0,94,11484813.0,5
2025-05-19,Pendant,Gold Jewelry,1,4477725.0,64,4477725.0,5
2025-05-20,Bracelet,Gold Jewelry,6,3986660.0,37,23919960.0,5
2025-05-21,Charm,Gold Jewelry,5,2247241.0,21,11236205.0,5
2025-05-22,Anklet,Gold Jewelry,0,4306383.0,67,0.0,5
2025-05-23,Brooch,Gold Jewelry,5,4621982.0,21,23109910.0,5
2025-05-24,Anklet,Gold Jewelry,10,2835765.0,57,28357650.0,5
2025-05-25,Ring,Gold Jewelry,14,4508536.0,27,63119504.0,5
2025-05-26,Ring,Gold Jewelry,5,3547085.0,22,17735425.0,5
2025-05-27,Brooch,Gold Jewelry,11,4283840.0,10,47122240.0,5
2025-05-28,Brooch,Gold Jewelry,4,2382117.0,6,9528468.0,5
2025-05-29,Bracelet,Gold Jewelry,3,4004291.0,34,12012873.0,5
2025-05-30,Brooch,Gold Jewelry,9,2819248.0,97,25373232.0,5
2025-05-31,Necklace,Gold Jewelry,11,4129410.0,96,45423510.0,5
2025-06-01,Anklet,Gold Jewelry,14,2968888.0,43,41564432.0,6
2025-06-02,Pendant,Gold Jewelry,0,4553748.0,64,0.0,6
2025-06-03,Bangle,Gold Jewelry,9,2989243.0,56,26903187.0,6
2025-06-04,Brooch,Gold Jewelry,5,2811275.0,92,14056375.0,6
2025-06-05,Gold Bar,Gold Jewelry,1,4097834.0,93,4097834.0,6
2025-06-06,Ring,Gold Jewelry,12,3375819.0,10,40509828.0,6
2025-06-07,Necklace,Gold Jewelry,2,3112686.0,94,6225372.0,6
2025-06-08,Charm,Gold Jewelry,13,2677506.0,8,34807578.0,6
2025-06-09,Bangle,Gold Jewelry,7,3324492.0,49,23271444.0,6
2025-06-10,Pendant,Gold Jewelry,9,4079920.0,55,36719280.0,6
2025-06-11,Bangle,Gold Jewelry,13,2637218.0,36,34283834.0,6
2025-06-12,Brooch,Gold Jewelry,13,4201243.0,79,54616159.0,6
2025-06-13,Bracelet,Gold Jewelry,5,3911489.0,29,19557445.0,6
2025-06-14,Ring,Gold Jewelry,2,4081063.0,8,8162126.0,6
2025-06-15,Ring,Gold Jewelry,6,3679353.0,2,22076118.0,6
2025-06-16,Charm,Gold Jewelry,3,3207027.0,5,9621081.0,6
2025-06-17,Bracelet,Gold Jewelry,13,4199642.0,16,54595346.0,6
2025-06-18,Anklet,Gold Jewelry,8,2436414.0,35,19491312.0,6
2025-06-19,Earring,Gold Jewelry,14,4004291.0,25,56060074.0,6
2025-06-20,Necklace,Gold Jewelry,4,4432693.0,90,17730772.0,6
2025-06-21,Ring,Gold Jewelry,2,4004291.0,100,8008582.0,6
2025-06-22,Gold Bar,Gold Jewelry,1,4849545.0,92,4849545.0,6
2025-06-23,Ring,Gold Jewelry,10,2211432.0,90,22114320.0,6
2025-06-24,Bangle,Gold Jewelry,1,3126955.0,35,3126955.0,6
2025-06-25,Ring,Gold Jewelry,2,2355583.0,88,4711166.0,6
2025-06-26,Ring,Gold Jewelry,1,3839498.0,87,3839498.0,6
2025-06-27,Earring,Gold Jewelry,13,4745003.0,12,61685039.0,6
2025-06-28,Earring,Gold Jewelry,3,4175453.0,9,12526359.0,6
2025-06-29,Pendant,Gold Jewelry,1,4679868.0,54,4679868.0,6
2025-06-30,Anklet,Gold Jewelry,9,2772405.0,26,24951645.0,6
2025-07-01,Gold Bar,Gold Jewelry,8,3648926.0,84,29191408.0,7
2025-07-02,Ring,Gold Jewelry,1,3577561.0,86,3577561.0,7
2025-07-03,Ring,Gold Jewelry,8,4004291.0,78,32034328.0,7
2025-07-04,Necklace,Gold Jewelry,12,4684316.0,78,56211792.0,7
2025-07-05,Earring,Gold Jewelry,5,3793921.0,4,18969605.0,7
2025-07-06,Gold Bar,Gold Jewelry,0,2382220.0,84,0.0,7
2025-07-07,Charm,Gold Jewelry,3,3337953.0,2,10013859.0,7
2025-07-08,Pendant,Gold Jewelry,14,3489285.0,40,48849990.0,7
2025-07-09,Anklet,Gold Jewelry,13,2576225.0,13,33490925.0,7
2025-07-10,Bracelet,Gold Jewelry,0,4004291.0,16,0.0,7
2025-07-11,Anklet,Gold Jewelry,13,4004291.0,100,52055783.0,7
2025-07-12,Bangle,Gold Jewelry,5,4760749.0,30,23803745.0,7
2025-07-13,Ring,Gold Jewelry,13,2950400.0,65,38355200.0,7
2025-07-14,Pendant,Gold Jewelry,12,4631622.0,28,55579464.0,7
2025-07-15,Bangle,Gold Jewelry,3,3504478.0,27,10513434.0,7
2025-07-16,Gold Bar,Gold Jewelry,2,4004291.0,82,8008582.0,7
2025-07-17,Bracelet,Gold Jewelry,2,3082656.0,14,6165312.0,7
2025-07-18,Earring,Gold Jewelry,8,2962659.0,96,23701272.0,7
2025-07-19,Pendant,Gold Jewelry,5,3017496.0,23,15087480.0,7
2025-07-20,Pendant,Gold Jewelry,8,2848778.0,15,22790224.0,7
2025-07-21,Ring,Gold Jewelry,0,4337535.0,65,0.0,7
2025-07-22,Brooch,Gold Jewelry,4,3304920.0,75,13219680.0,7
2025-07-23,Pendant,Gold Jewelry,1,2849352.0,14,2849352.0,7
2025-07-24,Necklace,Gold Jewelry,7,3258618.0,71,22810326.0,7
2025-07-25,Bracelet,Gold Jewelry,4,3205186.0,10,12820744.0,7
2025-07-26,Bracelet,Gold Jewelry,1,4963613.0,9,4963613.0,7
2025-07-27,Necklace,Gold Jewelry,3,4228980.0,68,12686940.0,7
2025-07-28,Charm,Gold Jewelry,8,4838351.0,94,38706808.0,7
2025-07-29,Necklace,Gold Jewelry,14,3212310.0,54,44972340.0,7
2025-07-30,Necklace,Gold Jewelry,3,2917283.0,51,8751849.0,7
2025-07-31,Bracelet,Gold Jewelry,12,4004291.0,97,48051492.0,7
2025-08-01,Anklet,Gold Jewelry,11,3927367.0,89,43201037.0,8
2025-08-02,Bracelet,Gold Jewelry,11,4004291.0,86,44047201.0,8
2025-08-03,Brooch,Gold Jewelry,11,2445365.0,64,26899015.0,8
2025-08-04,Ring,Gold Jewelry,12,2983012.0,53,35796144.0,8
2025-08-05,Bangle,Gold Jewelry,14,3686315.0,13,51608410.0,8
2025-08-06,Anklet,Gold Jewelry,13,4137644.0,76,53789372.0,8
2025-08-07,Earring,Gold Jewelry,3,4007769.0,93,12023307.0,8
2025-08-08,Bangle,Gold Jewelry,1,3459090.0,12,3459090.0,8
2025-08-09,Ring,Gold Jewelry,12,2495893.0,41,29950716.0,8
2025-08-10,Brooch,Gold Jewelry,11,3282841.0,53,36111251.0,8
2025-08-11,Brooch,Gold Jewelry,14,3546601.0,39,49652414.0,8
2025-08-12,Earring,Gold Jewelry,5,4337041.0,88,21685205.0,8
2025-08-13,Anklet,Gold Jewelry,0,4923139.0,76,0.0,8
2025-08-14,Charm,Gold Jewelry,10,3358303.0,84,33583030.0,8
2025-08-15,Necklace,Gold Jewelry,0,4702554.0,51,0.0,8
2025-08-16,Anklet,Gold Jewelry,1,4004291.0,75,4004291.0,8
2025-08-17,Charm,Gold Jewelry,11,4004291.0,73,44047201.0,8
2025-08-18,Brooch,Gold Jewelry,6,4471872.0,33,26831232.0,8
2025-08-19,Bracelet,Gold Jewelry,2,3584793.0,84,7169586.0,8
2025-08-20,Ring,Gold Jewelry,14,2411708.0,27,33763912.0,8
2025-08-21,Earring,Gold Jewelry,2,2866186.0,86,5732372.0,8
2025-08-22,Ring,Gold Jewelry,4,4004291.0,23,16017164.0,8
2025-08-23,Gold Bar,Gold Jewelry,0,3215657.0,82,0.0,8
2025-08-24,Gold Bar,Gold Jewelry,1,4154482.0,81,4154482.0,8
2025-08-25,Anklet,Gold Jewelry,9,3044215.0,66,27397935.0,8
2025-08-26,Brooch,Gold Jewelry,8,4431856.0,25,35454848.0,8
2025-08-27,Brooch,Gold Jewelry,1,3568991.0,24,3568991.0,8
2025-08-28,Necklace,Gold Jewelry,13,4817193.0,38,62623509.0,8
2025-08-29,Necklace,Gold Jewelry,10,4515487.0,28,45154870.0,8
2025-08-30,Necklace,Gold Jewelry,1,3965719.0,27,3965719.0,8
2025-08-31,Bracelet,Gold Jewelry,12,3280662.0,72,39367944.0,8
2025-09-01,Bangle,Gold Jewelry,14,4674937.0,98,65449118.0,9
2025-09-02,Pendant,Gold Jewelry,7,3096250.0,7,21673750.0,9
2025-09-03,Bangle,Gold Jewelry,14,4634410.0,84,64881740.0,9
2025-09-04,Ring,Gold Jewelry,8,2547528.0,15,20380224.0,9
2025-09-05,Bangle,Gold Jewelry,6,4659110.0,78,27954660.0,9
2025-09-06,Bracelet,Gold Jewelry,2,3012403.0,70,6024806.0,9
2025-09-07,Ring,Gold Jewelry,8,4839723.0,7,38717784.0,9
2025-09-08,Bangle,Gold Jewelry,2,2737181.0,76,5474362.0,9
2025-09-09,Bracelet,Gold Jewelry,4,4381415.0,66,17525660.0,9
2025-09-10,Pendant,Gold Jewelry,8,3776824.0,99,30214592.0,9
2025-09-11,Bangle,Gold Jewelry,11,4045896.0,65,44504856.0,9
2025-09-12,Bracelet,Gold Jewelry,13,3198177.0,53,41576301.0,9
2025-09-13,Necklace,Gold Jewelry,13,3163311.0,14,41123043.0,9
2025-09-14,Brooch,Gold Jewelry,2,4636388.0,22,9272776.0,9
2025-09-15,Necklace,Gold Jewelry,6,2267727.0,8,13606362.0,9
2025-09-16,Brooch,Gold Jewelry,11,3902055.0,11,42922605.0,9
2025-09-17,Earring,Gold Jewelry,0,3128055.0,86,0.0,9
2025-09-18,Earring,Gold Jewelry,3,2822137.0,83,8466411.0,9
2025-09-19,Earring,Gold Jewelry,0,2412354.0,83,0.0,9
2025-09-20,Pendant,Gold Jewelry,6,4599010.0,93,27594060.0,9
2025-09-21,Necklace,Gold Jewelry,7,2811392.0,1,19679744.0,9
2025-09-22,Brooch,Gold Jewelry,0,4004291.0,11,0.0,9
2025-09-23,Bracelet,Gold Jewelry,4,3922407.0,49,15689628.0,9
2025-09-24,Ring,Gold Jewelry,6,3769091.0,1,22614546.0,9
2025-09-25,Bracelet,Gold Jewelry,11,2793827.0,38,30732097.0,9
2025-09-26,Ring,Gold Jewelry,3,3791153.0,98,11373459.0,9
2025-09-27,Gold Bar,Gold Jewelry,12,2285594.0,69,27427128.0,9
2025-09-28,Bracelet,Gold Jewelry,3,3620255.0,35,10860765.0,9
2025-09-29,Bangle,Gold Jewelry,3,4962683.0,62,14888049.0,9
2025-09-30,Bangle,Gold Jewelry,11,4004291.0,51,44047201.0,9
2025-10-01,Anklet,Gold Jewelry,10,4004291.0,56,40042910.0,10
2025-10-02,Necklace,Gold Jewelry,12,3943684.0,89,47324208.0,10
2025-10-03,Ring,Gold Jewelry,2,3947358.0,96,7894716.0,10
2025-10-04,Ring,Gold Jewelry,28,2617083.0,68,73278324.0,10
2025-10-05,Necklace,Gold Jewelry,8,3532816.0,81,28262528.0,10
2025-10-06,Pendant,Gold Jewelry,6,4040740.0,87,24244440.0,10
2025-10-07,Anklet,Gold Jewelry,28,3593589.0,28,100620492.0,10
2025-10-08,Pendant,Gold Jewelry,26,2208323.0,61,57416398.0,10
2025-10-09,Pendant,Gold Jewelry,24,4230921.0,37,101542104.0,10
2025-10-10,Pendant,Gold Jewelry,4,3754559.0,33,15018236.0,10
2025-10-11,Necklace,Gold Jewelry,12,4657110.0,69,55885320.0,10
2025-10-12,Pendant,Gold Jewelry,20,4004291.0,13,80085820.0,10
2025-10-13,Bangle,Gold Jewelry,22,4438436.0,29,97645592.0,10
2025-10-14,Earring,Gold Jewelry,10,2250096.0,73,22500960.0,10
2025-10-15,Gold Bar,Gold Jewelry,26,3284840.0,43,85405840.0,10
2025-10-16,Ring,Gold Jewelry,12,2590790.0,56,31089480.0,10
2025-10-17,Ring,Gold Jewelry,8,4851684.0,48,38813472.0,10
2025-10-18,Gold Bar,Gold Jewelry,24,4004291.0,19,96102984.0,10
2025-10-19,Necklace,Gold Jewelry,10,3686224.0,59,36862240.0,10
2025-10-20,Bracelet,Gold Jewelry,8,3826989.0,27,30615912.0,10
2025-10-21,Necklace,Gold Jewelry,26,4112230.0,33,106917980.0,10
2025-10-22,Ring,Gold Jewelry,12,2515226.0,36,30182712.0,10
2025-10-23,Ring,Gold Jewelry,2,2273810.0,34,4547620.0,10
2025-10-24,Gold Bar,Gold Jewelry,26,2823673.0,93,73415498.0,10
2025-10-25,Pendant,Gold Jewelry,20,4004291.0,93,80085820.0,10
2025-10-26,Necklace,Gold Jewelry,8,4037529.0,25,32300232.0,10
2025-10-27,Brooch,Gold Jewelry,10,3243816.0,1,32438160.0,10
2025-10-28,Gold Bar,Gold Jewelry,10,4004291.0,83,40042910.0,10
2025-10-29,Bangle,Gold Jewelry,28,4645824.0,1,130083072.0,10
2025-10-30,Ring,Gold Jewelry,8,4717099.0,26,37736792.0,10
2025-10-31,Gold Bar,Gold Jewelry,18,4724480.0,65,85040640.0,10
2025-11-01,Necklace,Gold Jewelry,12,2925210.0,13,35102520.0,11
2025-11-02,Ring,Gold Jewelry,18,4578437.0,8,82411866.0,11
2025-11-03,Bracelet,Gold Jewelry,14,3789675.0,13,53055450.0,11
2025-11-04,Gold Bar,Gold Jewelry,12,4696028.0,53,56352336.0,11
2025-11-05,Anklet,Gold Jewelry,8,2860673.0,20,22885384.0,11
2025-11-06,Ring,Gold Jewelry,0,2956349.0,8,0.0,11
2025-11-07,Necklace,Gold Jewelry,24,3883665.0,89,93207960.0,11
2025-11-08,Earring,Gold Jewelry,8,3316568.0,65,26532544.0,11
2025-11-09,Brooch,Gold Jewelry,18,3191891.0,83,57454038.0,11
2025-11-10,Charm,Gold Jewelry,2,2909994.0,71,5819988.0,11
2025-11-11,Pendant,Gold Jewelry,24,2580177.0,69,61924248.0,11
2025-11-12,Charm,Gold Jewelry,8,2800262.0,63,22402096.0,11
2025-11-13,Necklace,Gold Jewelry,8,2925876.0,81,23407008.0,11
2025-11-14,Bangle,Gold Jewelry,2,3298404.0,99,6596808.0,11
2025-11-15,Bangle,Gold Jewelry,8,3950376.0,91,31603008.0,11
2025-11-16,Earring,Gold Jewelry,24,4562157.0,41,109491768.0,11
2025-11-17,Pendant,Gold Jewelry,6,3243116.0,63,19458696.0,11
2025-11-18,Anklet,Gold Jewelry,0,3366684.0,20,0.0,11
2025-11-19,Earring,Gold Jewelry,4,3294276.0,37,13177104.0,11
2025-11-20,Charm,Gold Jewelry,0,4599328.0,63,0.0,11
2025-11-21,Earring,Gold Jewelry,22,3922511.0,15,86295242.0,11
2025-11-22,Charm,Gold Jewelry,20,2552270.0,43,51045400.0,11
2025-11-23,Ring,Gold Jewelry,28,2209002.0,80,61852056.0,11
2025-11-24,Bangle,Gold Jewelry,8,2579342.0,83,20634736.0,11
2025-11-25,Ring,Gold Jewelry,6,2879339.0,74,17276034.0,11
2025-11-26,Brooch,Gold Jewelry,12,3322022.0,71,39864264.0,11
2025-11-27,Pendant,Gold Jewelry,8,3280244.0,55,26241952.0,11
2025-11-28,Anklet,Gold Jewelry,18,4361655.0,2,78509790.0,11
2025-11-29,Charm,Gold Jewelry,26,3950006.0,17,102700156.0,11
2025-11-30,Anklet,Gold Jewelry,6,4484114.0,96,26904684.0,11
2025-12-01,Charm,Gold Jewelry,2,4045006.0,15,8090012.0,12
2025-12-02,Necklace,Gold Jewelry,6,2886674.0,75,17320044.0,12
2025-12-03,Earring,Gold Jewelry,22,2796889.0,93,61531558.0,12
2025-12-04,Brooch,Gold Jewelry,2,4535608.0,69,9071216.0,12
2025-12-05,Bangle,Gold Jewelry,14,4327996.0,69,60591944.0,12
2025-12-06,Charm,Gold Jewelry,4,3943529.0,11,15774116.0,12
2025-12-07,Anklet,Gold Jewelry,16,2565395.0,80,41046320.0,12
2025-12-08,Brooch,Gold Jewelry,24,3096279.0,45,74310696.0,12
2025-12-09,Bracelet,Gold Jewelry,6,4187654.0,7,25125924.0,12
2025-12-10,Bracelet,Gold Jewelry,24,4578653.0,83,109887672.0,12
2025-12-11,Ring,Gold Jewelry,10,4656851.0,64,46568510.0,12
2025-12-12,Bangle,Gold Jewelry,18,3715776.0,51,66883968.0,12
2025-12-13,Necklace,Gold Jewelry,8,3504420.0,67,28035360.0,12
2025-12-14,Anklet,Gold Jewelry,18,4004291.0,62,72077238.0,12
2025-12-15,Earring,Gold Jewelry,0,4703832.0,93,0.0,12
2025-12-16,Earring,Gold Jewelry,0,4364982.0,93,0.0,12
2025-12-17,Anklet,Gold Jewelry,0,2400391.0,62,0.0,12
2025-12-18,Pendant,Gold Jewelry,0,4486258.0,55,0.0,12
2025-12-19,Necklace,Gold Jewelry,0,4680237.0,67,0.0,12
2025-12-20,Brooch,Gold Jewelry,16,2367887.0,29,37886192.0,12
2025-12-21,Charm,Gold Jewelry,16,3466709.0,95,55467344.0,12
2025-12-22,Pendant,Gold Jewelry,0,2591670.0,55,0.0,12
2025-12-23,Charm,Gold Jewelry,2,4962067.0,93,9924134.0,12
2025-12-24,Charm,Gold Jewelry,22,3552573.0,71,78156606.0,12
2025-12-25,Pendant,Gold Jewelry,24,3702982.0,31,88871568.0,12
2025-12-26,Ring,Gold Jewelry,0,4714894.0,64,0.0,12
2025-12-27,Bracelet,Gold Jewelry,0,2542916.0,83,0.0,12
2025-12-28,Charm,Gold Jewelry,2,2358548.0,69,4717096.0,12
2025-12-29,Pendant,Gold Jewelry,18,3179082.0,13,57223476.0,12
2025-12-30,Pendant,Gold Jewelry,22,3583722.0,91,78841884.0,12
2025-12-31,Gold Bar,Gold Jewelry,14,3606663.0,39,50493282.0,12
2026-01-01,Ring,Gold Jewelry,4,4651646.0,60,18606584.0,1
2026-01-02,Bangle,Gold Jewelry,11,2869268.0,40,31561948.0,1
2026-01-03,Gold Bar,Gold Jewelry,10,2985455.0,29,29854550.0,1
2026-01-04,Gold Bar,Gold Jewelry,6,3295009.0,23,19770054.0,1
2026-01-05,Anklet,Gold Jewelry,1,4197648.0,61,4197648.0,1
2026-01-06,Bracelet,Gold Jewelry,0,4826431.0,83,0.0,1
2026-01-07,Pendant,Gold Jewelry,10,2458419.0,81,24584190.0,1
2026-01-08,Bracelet,Gold Jewelry,5,3705593.0,78,18527965.0,1
2026-01-09,Necklace,Gold Jewelry,7,4630791.0,60,32415537.0,1
2026-01-10,Anklet,Gold Jewelry,0,3165754.0,61,0.0,1
2026-01-11,Bangle,Gold Jewelry,14,2335245.0,26,32693430.0,1
2026-01-12,Bracelet,Gold Jewelry,0,3918992.0,78,0.0,1
2026-01-13,Earring,Gold Jewelry,11,2326186.0,82,25588046.0,1
2026-01-14,Charm,Gold Jewelry,6,4256636.0,63,25539816.0,1
2026-01-15,Necklace,Gold Jewelry,7,3245491.0,53,22718437.0,1
2026-01-16,Ring,Gold Jewelry,12,4008902.0,48,48106824.0,1
2026-01-17,Bangle,Gold Jewelry,2,3676176.0,24,7352352.0,1
2026-01-18,Necklace,Gold Jewelry,4,4174044.0,49,16696176.0,1
2026-01-19,Charm,Gold Jewelry,11,3146730.0,52,34614030.0,1
2026-01-20,Anklet,Gold Jewelry,0,2241976.0,61,0.0,1
2026-01-21,Charm,Gold Jewelry,6,4715120.0,46,28290720.0,1
2026-01-22,Gold Bar,Gold Jewelry,4,4556128.0,19,18224512.0,1
2026-01-23,Charm,Gold Jewelry,7,2405009.0,39,16835063.0,1
2026-01-24,Gold Bar,Gold Jewelry,12,4221320.0,7,50655840.0,1
2026-01-25,Anklet,Gold Jewelry,7,4006605.0,54,28046235.0,1
2026-01-26,Brooch,Gold Jewelry,8,3762399.0,21,30099192.0,1
2026-01-27,Gold Bar,Gold Jewelry,6,4512178.0,1,27073068.0,1
2026-01-28,Ring,Gold Jewelry,10,4143238.0,38,41432380.0,1
2026-01-29,Charm,Gold Jewelry,0,4291513.0,39,0.0,1
2026-01-30,Charm,Gold Jewelry,0,3592796.0,39,0.0,1
2026-01-31,Ring,Gold Jewelry,2,3192120.0,36,6384240.0,1
2026-02-01,Earring,Gold Jewelry,7,4333730.0,75,30336110.0,2
2026-02-02,Pendant,Gold Jewelry,2,2813241.0,79,5626482.0,2
2026-02-03,Brooch,Gold Jewelry,0,4004291.0,21,0.0,2
2026-02-04,Bangle,Gold Jewelry,0,2408359.0,24,0.0,2
2026-02-05,Gold Bar,Gold Jewelry,4,4408587.0,97,17634348.0,2
2026-02-06,Ring,Gold Jewelry,3,4004291.0,33,12012873.0,2
2026-02-07,Anklet,Gold Jewelry,4,3401114.0,50,13604456.0,2
2026-02-08,Gold Bar,Gold Jewelry,7,2246975.0,90,15728825.0,2
2026-02-09,Pendant,Gold Jewelry,9,4004291.0,70,36038619.0,2
2026-02-10,Anklet,Gold Jewelry,0,3404560.0,50,0.0,2
2026-02-11,Necklace,Gold Jewelry,13,3302577.0,36,42933501.0,2
2026-02-12,Charm,Gold Jewelry,3,3047581.0,36,9142743.0,2
2026-02-13,Necklace,Gold Jewelry,0,4493181.0,36,0.0,2
2026-02-14,Gold Bar,Gold Jewelry,3,2633233.0,87,7899699.0,2
2026-02-15,Pendant,Gold Jewelry,14,4970668.0,56,69589352.0,2
2026-02-16,Brooch,Gold Jewelry,2,3808470.0,19,7616940.0,2
2026-02-17,Gold Bar,Gold Jewelry,6,3737064.0,81,22422384.0,2
2026-02-18,Ring,Gold Jewelry,2,2424083.0,31,4848166.0,2
2026-02-19,Bracelet,Gold Jewelry,11,4668050.0,67,51348550.0,2
2026-02-20,Gold Bar,Gold Jewelry,2,4442938.0,79,8885876.0,2
2026-02-21,Charm,Gold Jewelry,10,2435189.0,26,24351890.0,2
2026-02-22,Charm,Gold Jewelry,9,4260311.0,17,38342799.0,2
2026-02-23,Gold Bar,Gold Jewelry,4,4285198.0,75,17140792.0,2
2026-02-24,Anklet,Gold Jewelry,4,3678419.0,46,14713676.0,2
2026-02-25,Bracelet,Gold Jewelry,13,4860324.0,54,63184212.0,2
2026-02-26,Ring,Gold Jewelry,5,4267001.0,26,21335005.0,2
2026-02-27,Gold Bar,Gold Jewelry,7,3015807.0,68,21110649.0,2
2026-02-28,Anklet,Gold Jewelry,9,3632358.0,37,32691222.0,2
2026-03-01,Charm,Gold Jewelry,5,3960982.0,12,19804910.0,3
2026-03-02,Charm,Gold Jewelry,14,4581810.0,98,64145340.0,3
2026-03-03,Pendant,Gold Jewelry,11,3658065.0,45,40238715.0,3
2026-03-04,Gold Bar,Gold Jewelry,0,2915995.0,68,0.0,3
2026-03-05,Bracelet,Gold Jewelry,14,3627562.0,40,50785868.0,3
2026-03-06,Earring,Gold Jewelry,7,4211461.0,68,29480227.0,3
2026-03-07,Bracelet,Gold Jewelry,7,3753814.0,33,26276698.0,3
2026-03-08,Charm,Gold Jewelry,8,2293577.0,90,18348616.0,3
2026-03-09,Charm,Gold Jewelry,8,3470352.0,82,27762816.0,3
2026-03-10,Necklace,Gold Jewelry,1,2531518.0,35,2531518.0,3
2026-03-11,Charm,Gold Jewelry,14,4383239.0,68,61365346.0,3
2026-03-12,Ring,Gold Jewelry,1,4064805.0,25,4064805.0,3
2026-03-13,Bangle,Gold Jewelry,2,4031205.0,22,8062410.0,3
2026-03-14,Gold Bar,Gold Jewelry,0,4004291.0,68,0.0,3
2026-03-15,Bracelet,Gold Jewelry,3,3860232.0,30,11580696.0,3
2026-03-16,Bangle,Gold Jewelry,13,4004291.0,9,52055783.0,3
2026-03-17,Anklet,Gold Jewelry,3,3609678.0,34,10829034.0,3
2026-03-18,Earring,Gold Jewelry,13,4612716.0,55,59965308.0,3
2026-03-19,Ring,Gold Jewelry,8,2472514.0,17,19780112.0,3
2026-03-20,Bracelet,Gold Jewelry,8,3150160.0,22,25201280.0,3
2026-03-21,Bangle,Gold Jewelry,8,4461332.0,1,35690656.0,3
2026-03-22,Earring,Gold Jewelry,9,4191380.0,46,37722420.0,3
2026-03-23,Necklace,Gold Jewelry,6,3007192.0,29,18043152.0,3
2026-03-24,Ring,Gold Jewelry,13,4293194.0,4,55811522.0,3
2026-03-25,Ring,Gold Jewelry,14,2659928.0,90,37238992.0,3
2026-03-26,Necklace,Gold Jewelry,1,3144614.0,28,3144614.0,3
2026-03-27,Gold Bar,Gold Jewelry,9,2826891.0,59,25442019.0,3
2026-03-28,Necklace,Gold Jewelry,4,3546948.0,24,14187792.0,3
2026-03-29,Ring,Gold Jewelry,3,4680398.0,87,14041194.0,3
2026-03-30,Ring,Gold Jewelry,0,3763611.0,87,0.0,3
2026-03-31,Bangle,Gold Jewelry,0,4409926.0,1,0.0,3
2026-04-01,Charm,Gold Jewelry,7,4200843.0,61,29405901.0,4
2026-04-02,Earring,Gold Jewelry,1,4713670.0,45,4713670.0,4
2026-04-03,Necklace,Gold Jewelry,5,2641172.0,19,13205860.0,4
2026-04-04,Earring,Gold Jewelry,12,3343518.0,33,40122216.0,4
2026-04-05,Necklace,Gold Jewelry,4,2767477.0,15,11069908.0,4
2026-04-06,Anklet,Gold Jewelry,14,4229014.0,20,59206196.0,4
2026-04-07,Ring,Gold Jewelry,11,3788641.0,76,41675051.0,4
2026-04-08,Charm,Gold Jewelry,0,4954408.0,61,0.0,4
2026-04-09,Bangle,Gold Jewelry,10,4741741.0,91,47417410.0,4
2026-04-10,Charm,Gold Jewelry,9,4080058.0,52,36720522.0,4
2026-04-11,Charm,Gold Jewelry,14,2823004.0,38,39522056.0,4
2026-04-12,Charm,Gold Jewelry,0,4676336.0,38,0.0,4
2026-04-13,Earring,Gold Jewelry,7,4876584.0,26,34136088.0,4
2026-04-14,Necklace,Gold Jewelry,1,4393173.0,14,4393173.0,4
2026-04-15,Brooch,Gold Jewelry,6,4004291.0,13,24025746.0,4
2026-04-16,Anklet,Gold Jewelry,8,2695115.0,12,21560920.0,4
2026-04-17,Bracelet,Gold Jewelry,8,2277791.0,14,18222328.0,4
2026-04-18,Charm,Gold Jewelry,0,2664276.0,38,0.0,4
2026-04-19,Gold Bar,Gold Jewelry,10,2631254.0,49,26312540.0,4
2026-04-20,Earring,Gold Jewelry,13,2540664.0,13,33028632.0,4
2026-04-21,Bangle,Gold Jewelry,11,4360327.0,80,47963597.0,4
2026-04-22,Bracelet,Gold Jewelry,9,2911647.0,5,26204823.0,4
2026-04-23,Brooch,Gold Jewelry,8,4597970.0,5,36783760.0,4
2026-04-24,Gold Bar,Gold Jewelry,1,4307671.0,48,4307671.0,4
2026-04-25,Brooch,Gold Jewelry,5,2948172.0,100,14740860.0,4
2026-04-26,Bracelet,Gold Jewelry,3,4218192.0,2,12654576.0,4
2026-04-27,Charm,Gold Jewelry,13,4967350.0,25,64575550.0,4
2026-04-28,Gold Bar,Gold Jewelry,3,2578369.0,45,7735107.0,4
2026-04-29,Brooch,Gold Jewelry,4,2554363.0,96,10217452.0,4
2026-04-30,Bangle,Gold Jewelry,11,4469039.0,69,49159429.0,4
2026-05-01,Necklace,Gold Jewelry,2,2538563.0,12,5077126.0,5
2026-05-02,Ring,Gold Jewelry,13,3626875.0,63,47149375.0,5
2026-05-03,Necklace,Gold Jewelry,0,4674365.0,12,0.0,5
2026-05-04,Bracelet,Gold Jewelry,7,4120336.0,95,28842352.0,5
2026-05-05,Earring,Gold Jewelry,4,2803463.0,9,11213852.0,5
2026-05-06,Ring,Gold Jewelry,2,3788586.0,61,7577172.0,5
2026-05-07,Anklet,Gold Jewelry,9,4004291.0,3,36038619.0,5
2026-05-08,Bangle,Gold Jewelry,13,4004291.0,56,52055783.0,5
2026-05-09,Anklet,Gold Jewelry,6,4715165.0,97,28290990.0,5
2026-05-10,Gold Bar,Gold Jewelry,6,4004291.0,39,24025746.0,5
2026-05-11,Ring,Gold Jewelry,0,4526169.0,61,0.0,5
2026-05-12,Anklet,Gold Jewelry,0,4415457.0,97,0.0,5
2026-05-13,Anklet,Gold Jewelry,8,2941424.0,89,23531392.0,5
2026-05-14,Brooch,Gold Jewelry,14,4819115.0,82,67467610.0,5
2026-05-15,Necklace,Gold Jewelry,1,3911155.0,11,3911155.0,5
2026-05-16,Brooch,Gold Jewelry,4,2728108.0,78,10912432.0,5
2026-05-17,Ring,Gold Jewelry,12,2845321.0,49,34143852.0,5
2026-05-18,Ring,Gold Jewelry,13,4535408.0,36,58960304.0,5
2026-05-19,Bracelet,Gold Jewelry,4,2727628.0,91,10910512.0,5
2026-05-20,Brooch,Gold Jewelry,13,3275920.0,65,42586960.0,5
2026-05-21,Pendant,Gold Jewelry,7,4004291.0,38,28030037.0,5
2026-05-22,Necklace,Gold Jewelry,13,3286668.0,98,42726684.0,5
2026-05-23,Ring,Gold Jewelry,7,4004291.0,29,28030037.0,5
2026-05-24,Bracelet,Gold Jewelry,13,3696181.0,78,48050353.0,5
2026-05-25,Brooch,Gold Jewelry,6,3664523.0,59,21987138.0,5
2026-05-26,Necklace,Gold Jewelry,6,4594340.0,92,27566040.0,5
2026-05-27,Brooch,Gold Jewelry,11,4728699.0,48,52015689.0,5
2026-05-28,Anklet,Gold Jewelry,10,3109823.0,79,31098230.0,5
2026-05-29,Bracelet,Gold Jewelry,5,4591153.0,73,22955765.0,5
2026-05-30,Necklace,Gold Jewelry,5,3625722.0,87,18128610.0,5
2026-05-31,Charm,Gold Jewelry,10,2555175.0,15,25551750.0,5
2026-06-01,Gold Bar,Gold Jewelry,0,2966175.0,39,0.0,6
2026-06-02,Gold Bar,Gold Jewelry,5,4125806.0,34,20629030.0,6
2026-06-03,Necklace,Gold Jewelry,11,2522625.0,76,27748875.0,6
2026-06-04,Brooch,Gold Jewelry,12,3102340.0,36,37228080.0,6
2026-06-05,Bracelet,Gold Jewelry,12,2460339.0,61,29524068.0,6
2026-06-06,Gold Bar,Gold Jewelry,1,3955314.0,33,3955314.0,6
2026-06-07,Bracelet,Gold Jewelry,1,3195339.0,60,3195339.0,6
2026-06-08,Gold Bar,Gold Jewelry,12,2386855.0,21,28642260.0,6
2026-06-09,Anklet,Gold Jewelry,4,2289798.0,75,9159192.0,6
2026-06-10,Brooch,Gold Jewelry,14,2878437.0,22,40298118.0,6
2026-06-11,Anklet,Gold Jewelry,3,3638607.0,72,10915821.0,6
2026-06-12,Gold Bar,Gold Jewelry,10,2282977.0,11,22829770.0,6
2026-06-13,Charm,Gold Jewelry,1,4578552.0,14,4578552.0,6
2026-06-14,Charm,Gold Jewelry,14,4751611.0,100,66522554.0,6
2026-06-15,Anklet,Gold Jewelry,14,4274606.0,58,59844484.0,6
2026-06-16,Charm,Gold Jewelry,2,3825257.0,98,7650514.0,6
2026-06-17,Gold Bar,Gold Jewelry,6,4228434.0,5,25370604.0,6
2026-06-18,Necklace,Gold Jewelry,7,2671605.0,69,18701235.0,6
2026-06-19,Anklet,Gold Jewelry,11,4244334.0,47,46687674.0,6
2026-06-20,Earring,Gold Jewelry,12,2541086.0,97,30493032.0,6
2026-06-21,Brooch,Gold Jewelry,5,4149297.0,17,20746485.0,6
2026-06-22,Charm,Gold Jewelry,10,4157255.0,88,41572550.0,6
2026-06-23,Charm,Gold Jewelry,0,3092759.0,88,0.0,6
2026-06-24,Ring,Gold Jewelry,12,2604471.0,17,31253652.0,6
2026-06-25,Pendant,Gold Jewelry,0,3949328.0,38,0.0,6
2026-06-26,Anklet,Gold Jewelry,7,2401684.0,40,16811788.0,6
2026-06-27,Bangle,Gold Jewelry,2,3406627.0,54,6813254.0,6
2026-06-28,Charm,Gold Jewelry,14,4519305.0,74,63270270.0,6
2026-06-29,Brooch,Gold Jewelry,5,2517300.0,12,12586500.0,6
2026-06-30,Earring,Gold Jewelry,2,2856510.0,95,5713020.0,6
2026-07-01,Charm,Gold Jewelry,6,2365036.0,68,14190216.0,7
2026-07-02,Earring,Gold Jewelry,12,4004291.0,83,48051492.0,7
2026-07-03,Gold Bar,Gold Jewelry,13,4518747.0,92,58743711.0,7
2026-07-04,Gold Bar,Gold Jewelry,6,3127892.0,86,18767352.0,7
2026-07-05,Pendant,Gold Jewelry,11,4096573.0,27,45062303.0,7
2026-07-06,Necklace,Gold Jewelry,14,2557196.0,55,35800744.0,7
2026-07-07,Bangle,Gold Jewelry,8,3466456.0,46,27731648.0,7
2026-07-08,Ring,Gold Jewelry,4,2511919.0,13,10047676.0,7
2026-07-09,Pendant,Gold Jewelry,14,3267029.0,13,45738406.0,7
2026-07-10,Bracelet,Gold Jewelry,7,2432192.0,53,17025344.0,7
2026-07-11,Ring,Gold Jewelry,9,2541031.0,4,22869279.0,7
2026-07-12,Anklet,Gold Jewelry,9,4669598.0,31,42026382.0,7
2026-07-13,Brooch,Gold Jewelry,7,3936888.0,5,27558216.0,7
2026-07-14,Bracelet,Gold Jewelry,0,4865417.0,53,0.0,7
2026-07-15,Bracelet,Gold Jewelry,11,2922927.0,42,32152197.0,7
2026-07-16,Pendant,Gold Jewelry,4,4233756.0,9,16935024.0,7
2026-07-17,Necklace,Gold Jewelry,2,4105964.0,53,8211928.0,7
2026-07-18,Pendant,Gold Jewelry,0,3670009.0,9,0.0,7
2026-07-19,Anklet,Gold Jewelry,3,4780214.0,28,14340642.0,7
2026-07-20,Charm,Gold Jewelry,7,2766279.0,61,19363953.0,7
2026-07-21,Charm,Gold Jewelry,2,4878104.0,59,9756208.0,7
2026-07-22,Necklace,Gold Jewelry,9,2854008.0,44,25686072.0,7
2026-07-23,Anklet,Gold Jewelry,1,4004291.0,27,4004291.0,7
2026-07-24,Necklace,Gold Jewelry,10,4778633.0,34,47786330.0,7
2026-07-25,Earring,Gold Jewelry,0,2664270.0,83,0.0,7
2026-07-26,Charm,Gold Jewelry,9,4201994.0,50,37817946.0,7
2026-07-27,Bracelet,Gold Jewelry,4,3854146.0,38,15416584.0,7
2026-07-28,Bangle,Gold Jewelry,13,2769955.0,33,36009415.0,7
2026-07-29,Brooch,Gold Jewelry,6,4506484.0,99,27038904.0,7
2026-07-30,Anklet,Gold Jewelry,10,2834719.0,17,28347190.0,7
2026-07-31,Ring,Gold Jewelry,10,4474268.0,94,44742680.0,7
2026-08-01,Necklace,Gold Jewelry,1,2540171.0,33,2540171.0,8
2026-08-02,Brooch,Gold Jewelry,8,3913777.0,91,31310216.0,8
2026-08-03,Ring,Gold Jewelry,12,4004291.0,82,48051492.0,8
2026-08-04,Brooch,Gold Jewelry,8,2804265.0,83,22434120.0,8
2026-08-05,Bangle,Gold Jewelry,3,2918880.0,30,8756640.0,8
2026-08-06,Ring,Gold Jewelry,3,4617729.0,79,13853187.0,8
2026-08-07,Pendant,Gold Jewelry,5,4004291.0,4,20021455.0,8
2026-08-08,Gold Bar,Gold Jewelry,9,4792929.0,77,43136361.0,8
2026-08-09,Pendant,Gold Jewelry,9,2388056.0,95,21492504.0,8
2026-08-10,Charm,Gold Jewelry,9,4190883.0,41,37717947.0,8
2026-08-11,Gold Bar,Gold Jewelry,5,3499065.0,72,17495325.0,8
2026-08-12,Pendant,Gold Jewelry,11,4786356.0,84,52649916.0,8
2026-08-13,Gold Bar,Gold Jewelry,0,3850037.0,72,0.0,8
2026-08-14,Gold Bar,Gold Jewelry,13,4240049.0,59,55120637.0,8
2026-08-15,Bracelet,Gold Jewelry,13,2948255.0,25,38327315.0,8
2026-08-16,Necklace,Gold Jewelry,8,3752048.0,25,30016384.0,8
2026-08-17,Necklace,Gold Jewelry,1,3039588.0,24,3039588.0,8
2026-08-18,Bracelet,Gold Jewelry,4,2947443.0,21,11789772.0,8
2026-08-19,Brooch,Gold Jewelry,8,4893334.0,75,39146672.0,8
2026-08-20,Earring,Gold Jewelry,3,2357778.0,80,7073334.0,8
2026-08-21,Brooch,Gold Jewelry,10,3392909.0,65,33929090.0,8
2026-08-22,Ring,Gold Jewelry,2,3108057.0,77,6216114.0,8
2026-08-23,Ring,Gold Jewelry,14,4953028.0,63,69342392.0,8
2026-08-24,Gold Bar,Gold Jewelry,6,3813083.0,53,22878498.0,8
2026-08-25,Pendant,Gold Jewelry,5,4474013.0,79,22370065.0,8
2026-08-26,Pendant,Gold Jewelry,7,3699949.0,72,25899643.0,8
2026-08-27,Necklace,Gold Jewelry,2,3964629.0,22,7929258.0,8
2026-08-28,Anklet,Gold Jewelry,4,2824154.0,13,11296616.0,8
2026-08-29,Brooch,Gold Jewelry,9,4004291.0,56,36038619.0,8
2026-08-30,Charm,Gold Jewelry,3,3314930.0,38,9944790.0,8
2026-08-31,Bangle,Gold Jewelry,14,3971240.0,16,55597360.0,8
2026-09-01,Pendant,Gold Jewelry,12,3383525.0,60,40602300.0,9
2026-09-02,Bangle,Gold Jewelry,3,4090318.0,13,12270954.0,9
2026-09-03,Gold Bar,Gold Jewelry,3,4004291.0,50,12012873.0,9
2026-09-04,Bangle,Gold Jewelry,9,3465617.0,4,31190553.0,9
2026-09-05,Charm,Gold Jewelry,7,4388963.0,31,30722741.0,9
2026-09-06,Bracelet,Gold Jewelry,5,4075055.0,16,20375275.0,9
2026-09-07,Charm,Gold Jewelry,2,2368842.0,29,4737684.0,9
2026-09-08,Bangle,Gold Jewelry,9,4892671.0,95,44034039.0,9
2026-09-09,Charm,Gold Jewelry,4,3589506.0,25,14358024.0,9
2026-09-10,Earring,Gold Jewelry,5,2597634.0,75,12988170.0,9
2026-09-11,Gold Bar,Gold Jewelry,4,4004291.0,46,16017164.0,9
2026-09-12,Brooch,Gold Jewelry,5,2439856.0,51,12199280.0,9
2026-09-13,Bracelet,Gold Jewelry,7,4295313.0,9,30067191.0,9
2026-09-14,Pendant,Gold Jewelry,6,4004291.0,54,24025746.0,9
2026-09-15,Ring,Gold Jewelry,4,3048090.0,59,12192360.0,9
2026-09-16,Brooch,Gold Jewelry,9,3226065.0,42,29034585.0,9
2026-09-17,Ring,Gold Jewelry,5,3099738.0,54,15498690.0,9
2026-09-18,Gold Bar,Gold Jewelry,13,3364925.0,33,43744025.0,9
2026-09-19,Bracelet,Gold Jewelry,3,4422512.0,6,13267536.0,9
2026-09-20,Necklace,Gold Jewelry,11,4783868.0,11,52622548.0,9
2026-09-21,Pendant,Gold Jewelry,8,3091567.0,46,24732536.0,9
2026-09-22,Earring,Gold Jewelry,12,4004291.0,63,48051492.0,9
2026-09-23,Necklace,Gold Jewelry,3,4673597.0,8,14020791.0,9
2026-09-24,Gold Bar,Gold Jewelry,0,4065236.0,33,0.0,9
2026-09-25,Brooch,Gold Jewelry,6,3886234.0,36,23317404.0,9
2026-09-26,Earring,Gold Jewelry,6,4843831.0,57,29062986.0,9
2026-09-27,Charm,Gold Jewelry,3,4468482.0,22,13405446.0,9
2026-09-28,Bangle,Gold Jewelry,12,2369207.0,83,28430484.0,9
2026-09-29,Earring,Gold Jewelry,13,2598833.0,44,33784829.0,9
2026-09-30,Gold Bar,Gold Jewelry,2,3407463.0,31,6814926.0,9
2026-10-01,Anklet,Gold Jewelry,14,4228824.0,99,59203536.0,10
2026-10-02,Bangle,Gold Jewelry,0,4196645.0,83,0.0,10
2026-10-03,Ring,Gold Jewelry,18,4603785.0,36,82868130.0,10
2026-10-04,Pendant,Gold Jewelry,12,4039874.0,34,48478488.0,10
2026-10-05,Ring,Gold Jewelry,6,3155874.0,30,18935244.0,10
2026-10-06,Earring,Gold Jewelry,6,3210993.0,38,19265958.0,10
2026-10-07,Ring,Gold Jewelry,14,4815362.0,16,67415068.0,10
2026-10-08,Gold Bar,Gold Jewelry,26,3101299.0,5,80633774.0,10
2026-10-09,Charm,Gold Jewelry,14,4402610.0,8,61636540.0,10
2026-10-10,Brooch,Gold Jewelry,2,4004291.0,34,8008582.0,10
2026-10-11,Pendant,Gold Jewelry,26,3203459.0,8,83289934.0,10
2026-10-12,Ring,Gold Jewelry,2,4506033.0,14,9012066.0,10
2026-10-13,Ring,Gold Jewelry,0,4147744.0,14,0.0,10
2026-10-14,Earring,Gold Jewelry,28,4004291.0,10,112120148.0,10
2026-10-15,Brooch,Gold Jewelry,22,4617136.0,12,101576992.0,10
2026-10-16,Necklace,Gold Jewelry,0,3064596.0,8,0.0,10
2026-10-17,Ring,Gold Jewelry,4,2580091.0,10,10320364.0,10
2026-10-18,Gold Bar,Gold Jewelry,0,3179550.0,5,0.0,10
2026-10-19,Anklet,Gold Jewelry,28,4689216.0,71,131298048.0,10
2026-10-20,Pendant,Gold Jewelry,26,4896087.0,82,127298262.0,10
2026-10-21,Ring,Gold Jewelry,4,2930160.0,6,11720640.0,10
2026-10-22,Gold Bar,Gold Jewelry,10,2593737.0,95,25937370.0,10
2026-10-23,Gold Bar,Gold Jewelry,14,2605049.0,81,36470686.0,10
2026-10-24,Pendant,Gold Jewelry,24,2976547.0,58,71437128.0,10
2026-10-25,Necklace,Gold Jewelry,22,4845719.0,86,106605818.0,10
2026-10-26,Gold Bar,Gold Jewelry,26,4240411.0,55,110250686.0,10
2026-10-27,Anklet,Gold Jewelry,18,3751920.0,53,67534560.0,10
2026-10-28,Gold Bar,Gold Jewelry,10,4511941.0,45,45119410.0,10
2026-10-29,Gold Bar,Gold Jewelry,8,4004291.0,37,32034328.0,10
2026-10-30,Gold Bar,Gold Jewelry,0,4088367.0,37,0.0,10
2026-10-31,Charm,Gold Jewelry,6,3783466.0,2,22700796.0,10
2026-11-01,Charm,Gold Jewelry,4,3695736.0,98,14782944.0,11
2026-11-02,Necklace,Gold Jewelry,24,4423062.0,62,106153488.0,11
2026-11-03,Ring,Gold Jewelry,6,4692132.0,100,28152792.0,11
2026-11-04,Gold Bar,Gold Jewelry,26,4170907.0,11,108443582.0,11
2026-11-05,Brooch,Gold Jewelry,12,2469998.0,100,29639976.0,11
2026-11-06,Ring,Gold Jewelry,0,3475585.0,100,0.0,11
2026-11-07,Necklace,Gold Jewelry,12,3061358.0,50,36736296.0,11
2026-11-08,Bracelet,Gold Jewelry,0,4858311.0,6,0.0,11
2026-11-09,Ring,Gold Jewelry,2,4004291.0,98,8008582.0,11
2026-11-10,Ring,Gold Jewelry,28,2383816.0,70,66746848.0,11
2026-11-11,Bangle,Gold Jewelry,6,2343638.0,77,14061828.0,11
2026-11-12,Earring,Gold Jewelry,0,4004291.0,10,0.0,11
2026-11-13,Bangle,Gold Jewelry,20,3137383.0,57,62747660.0,11
2026-11-14,Anklet,Gold Jewelry,22,4794159.0,31,105471498.0,11
2026-11-15,Charm,Gold Jewelry,20,4004291.0,78,80085820.0,11
2026-11-16,Charm,Gold Jewelry,28,2563552.0,50,71779456.0,11
2026-11-17,Earring,Gold Jewelry,20,2386264.0,90,47725280.0,11
2026-11-18,Pendant,Gold Jewelry,16,4563182.0,42,73010912.0,11
2026-11-19,Pendant,Gold Jewelry,22,3262138.0,20,71767036.0,11
2026-11-20,Necklace,Gold Jewelry,10,4241951.0,40,42419510.0,11
2026-11-21,Earring,Gold Jewelry,24,4013031.0,66,96312744.0,11
2026-11-22,Ring,Gold Jewelry,0,2661462.0,70,0.0,11
2026-11-23,Pendant,Gold Jewelry,0,3235355.0,20,0.0,11
2026-11-24,Gold Bar,Gold Jewelry,10,3760718.0,1,37607180.0,11
2026-11-25,Brooch,Gold Jewelry,6,4503780.0,94,27022680.0,11
2026-11-26,Ring,Gold Jewelry,6,4663280.0,64,27979680.0,11
2026-11-27,Anklet,Gold Jewelry,28,3155801.0,3,88362428.0,11
2026-11-28,Gold Bar,Gold Jewelry,20,3630116.0,81,72602320.0,11
2026-11-29,Gold Bar,Gold Jewelry,28,4450691.0,53,124619348.0,11
2026-11-30,Earring,Gold Jewelry,10,2501353.0,56,25013530.0,11
2026-12-01,Necklace,Gold Jewelry,28,2462435.0,12,68948180.0,12
2026-12-02,Anklet,Gold Jewelry,26,3933306.0,77,102265956.0,12
2026-12-03,Pendant,Gold Jewelry,22,3688806.0,98,81153732.0,12
2026-12-04,Earring,Gold Jewelry,0,4501205.0,56,0.0,12
2026-12-05,Pendant,Gold Jewelry,12,3581637.0,86,42979644.0,12
2026-12-06,Earring,Gold Jewelry,16,4139040.0,40,66224640.0,12
2026-12-07,Earring,Gold Jewelry,18,2438846.0,22,43899228.0,12
2026-12-08,Earring,Gold Jewelry,8,2682231.0,14,21457848.0,12
2026-12-09,Necklace,Gold Jewelry,16,2759341.0,96,44149456.0,12
2026-12-10,Earring,Gold Jewelry,6,2912685.0,8,17476110.0,12
2026-12-11,Bracelet,Gold Jewelry,24,3723891.0,82,89373384.0,12
2026-12-12,Brooch,Gold Jewelry,18,2471214.0,76,44481852.0,12
2026-12-13,Pendant,Gold Jewelry,2,4937653.0,84,9875306.0,12
2026-12-14,Ring,Gold Jewelry,4,3209329.0,60,12837316.0,12
2026-12-15,Bangle,Gold Jewelry,24,4086585.0,33,98078040.0,12
2026-12-16,Anklet,Gold Jewelry,20,4383110.0,57,87662200.0,12
2026-12-17,Charm,Gold Jewelry,0,3804575.0,50,0.0,12
2026-12-18,Necklace,Gold Jewelry,26,2758826.0,70,71729476.0,12
2026-12-19,Ring,Gold Jewelry,26,2795042.0,34,72671092.0,12
2026-12-20,Gold Bar,Gold Jewelry,10,3684644.0,43,36846440.0,12
2026-12-21,Bracelet,Gold Jewelry,24,4004291.0,58,96102984.0,12
2026-12-22,Charm,Gold Jewelry,10,2732397.0,40,27323970.0,12
2026-12-23,Bangle,Gold Jewelry,0,4820093.0,33,0.0,12
2026-12-24,Ring,Gold Jewelry,20,4004291.0,14,80085820.0,12
2026-12-25,Charm,Gold Jewelry,24,4197522.0,16,100740528.0,12
2026-12-26,Ring,Gold Jewelry,4,4993543.0,10,19974172.0,12
2026-12-27,Bracelet,Gold Jewelry,8,3886814.0,50,31094512.0,12
2026-12-28,Bangle,Gold Jewelry,4,4425087.0,29,17700348.0,12
2026-12-29,Gold Bar,Gold Jewelry,18,2790174.0,25,50223132.0,12
2026-12-30,Earring,Gold Jewelry,4,3372109.0,4,13488436.0,12
2026-12-31,Pendant,Gold Jewelry,26,2446909.0,58,63619634.0,12
2027-01-01,Gold Bar,Gold Jewelry,9,3063876.0,16,27574884.0,1
2027-01-02,Earring,Gold Jewelry,2,4360641.0,2,8721282.0,1
2027-01-03,Necklace,Gold Jewelry,4,3422600.0,66,13690400.0,1
2027-01-04,Brooch,Gold Jewelry,12,4939082.0,64,59268984.0,1
2027-01-05,Anklet,Gold Jewelry,4,3650440.0,53,14601760.0,1
2027-01-06,Anklet,Gold Jewelry,3,3590951.0,50,10772853.0,1
2027-01-07,Pendant,Gold Jewelry,0,3304800.0,58,0.0,1
2027-01-08,Bangle,Gold Jewelry,4,4296216.0,25,17184864.0,1
2027-01-09,Bracelet,Gold Jewelry,9,4290672.0,41,38616048.0,1
2027-01-10,Bangle,Gold Jewelry,4,4004291.0,21,16017164.0,1
2027-01-11,Bracelet,Gold Jewelry,0,3503754.0,41,0.0,1
2027-01-12,Bangle,Gold Jewelry,5,3417880.0,16,17089400.0,1
2027-01-13,Brooch,Gold Jewelry,9,3258553.0,55,29326977.0,1
2027-01-14,Necklace,Gold Jewelry,3,3936616.0,63,11809848.0,1
2027-01-15,Necklace,Gold Jewelry,13,4004291.0,50,52055783.0,1
2027-01-16,Earring,Gold Jewelry,6,3818750.0,96,22912500.0,1
2027-01-17,Charm,Gold Jewelry,6,3485186.0,10,20911116.0,1
2027-01-18,Necklace,Gold Jewelry,1,4017207.0,49,4017207.0,1
2027-01-19,Necklace,Gold Jewelry,2,4004291.0,47,8008582.0,1
2027-01-20,Gold Bar,Gold Jewelry,0,4128267.0,16,0.0,1
2027-01-21,Gold Bar,Gold Jewelry,7,4004291.0,9,28030037.0,1
2027-01-22,Earring,Gold Jewelry,8,4650919.0,88,37207352.0,1
2027-01-23,Charm,Gold Jewelry,3,4284241.0,7,12852723.0,1
2027-01-24,Pendant,Gold Jewelry,5,4629141.0,53,23145705.0,1
2027-01-25,Gold Bar,Gold Jewelry,8,2721126.0,1,21769008.0,1
2027-01-26,Pendant,Gold Jewelry,5,4056497.0,48,20282485.0,1
2027-01-27,Ring,Gold Jewelry,13,4783514.0,97,62185682.0,1
2027-01-28,Gold Bar,Gold Jewelry,11,3291581.0,90,36207391.0,1
2027-01-29,Brooch,Gold Jewelry,11,4221360.0,44,46434960.0,1
2027-01-30,Charm,Gold Jewelry,11,3516911.0,96,38686021.0,1
2027-01-31,Earring,Gold Jewelry,8,4050357.0,80,32402856.0,1
2027-02-01,Ring,Gold Jewelry,14,4004291.0,83,56060074.0,2
2027-02-02,Charm,Gold Jewelry,3,4126030.0,93,12378090.0,2
2027-02-03,Brooch,Gold Jewelry,7,4580600.0,37,32064200.0,2
2027-02-04,Charm,Gold Jewelry,8,3897331.0,85,31178648.0,2
2027-02-05,Brooch,Gold Jewelry,3,2676351.0,34,8029053.0,2
2027-02-06,Brooch,Gold Jewelry,4,2680986.0,30,10723944.0,2
2027-02-07,Pendant,Gold Jewelry,13,4493913.0,35,58420869.0,2
2027-02-08,Bangle,Gold Jewelry,7,4849912.0,9,33949384.0,2
2027-02-09,Ring,Gold Jewelry,11,4407284.0,72,48480124.0,2
2027-02-10,Charm,Gold Jewelry,9,3238605.0,76,29147445.0,2
2027-02-11,Bracelet,Gold Jewelry,13,3728001.0,28,48464013.0,2
2027-02-12,Ring,Gold Jewelry,5,4758948.0,67,23794740.0,2
2027-02-13,Bangle,Gold Jewelry,11,3702323.0,98,40725553.0,2
2027-02-14,Ring,Gold Jewelry,6,3157692.0,61,18946152.0,2
2027-02-15,Necklace,Gold Jewelry,2,4060700.0,45,8121400.0,2
2027-02-16,Bracelet,Gold Jewelry,0,2816745.0,28,0.0,2
2027-02-17,Bangle,Gold Jewelry,11,3026287.0,87,33289157.0,2
2027-02-18,Pendant,Gold Jewelry,13,3062812.0,22,39816556.0,2
2027-02-19,Charm,Gold Jewelry,7,4004291.0,69,28030037.0,2
2027-02-20,Anklet,Gold Jewelry,9,4004291.0,41,36038619.0,2
2027-02-21,Bangle,Gold Jewelry,5,3748626.0,82,18743130.0,2
2027-02-22,Earring,Gold Jewelry,0,4813355.0,80,0.0,2
2027-02-23,Charm,Gold Jewelry,9,2736366.0,60,24627294.0,2
2027-02-24,Bangle,Gold Jewelry,8,3167107.0,74,25336856.0,2
2027-02-25,Necklace,Gold Jewelry,12,2929144.0,33,35149728.0,2
2027-02-26,Anklet,Gold Jewelry,5,3045416.0,36,15227080.0,2
2027-02-27,Necklace,Gold Jewelry,11,3409503.0,22,37504533.0,2
2027-02-28,Anklet,Gold Jewelry,8,3928263.0,28,31426104.0,2
2027-03-01,Earring,Gold Jewelry,12,4004291.0,68,48051492.0,3
2027-03-02,Charm,Gold Jewelry,3,4102542.0,57,12307626.0,3
2027-03-03,Pendant,Gold Jewelry,7,4288128.0,15,30016896.0,3
2027-03-04,Necklace,Gold Jewelry,10,3870620.0,12,38706200.0,3
2027-03-05,Necklace,Gold Jewelry,3,3571346.0,9,10714038.0,3
2027-03-06,Brooch,Gold Jewelry,1,4389569.0,29,4389569.0,3
2027-03-07,Anklet,Gold Jewelry,9,4246895.0,19,38222055.0,3
2027-03-08,Gold Bar,Gold Jewelry,10,4826759.0,80,48267590.0,3
2027-03-09,Charm,Gold Jewelry,8,3387836.0,49,27102688.0,3
2027-03-10,Anklet,Gold Jewelry,4,3166286.0,15,12665144.0,3
2027-03-11,Brooch,Gold Jewelry,3,3429433.0,26,10288299.0,3
2027-03-12,Ring,Gold Jewelry,1,4004291.0,60,4004291.0,3
2027-03-13,Anklet,Gold Jewelry,0,3366520.0,15,0.0,3
2027-03-14,Pendant,Gold Jewelry,10,4851979.0,5,48519790.0,3
2027-03-15,Charm,Gold Jewelry,6,4036425.0,43,24218550.0,3
2027-03-16,Brooch,Gold Jewelry,5,4434816.0,21,22174080.0,3
2027-03-17,Ring,Gold Jewelry,14,2464253.0,46,34499542.0,3
2027-03-18,Bracelet,Gold Jewelry,14,4004291.0,14,56060074.0,3
2027-03-19,Brooch,Gold Jewelry,1,3856379.0,20,3856379.0,3
2027-03-20,Bracelet,Gold Jewelry,7,3876608.0,7,27136256.0,3
2027-03-21,Charm,Gold Jewelry,10,3476484.0,33,34764840.0,3
2027-03-22,Necklace,Gold Jewelry,3,2529116.0,6,7587348.0,3
2027-03-23,Brooch,Gold Jewelry,7,3428280.0,13,23997960.0,3
2027-03-24,Earring,Gold Jewelry,14,3061496.0,54,42860944.0,3
2027-03-25,Bracelet,Gold Jewelry,6,4521065.0,1,27126390.0,3
2027-03-26,Pendant,Gold Jewelry,4,4004291.0,1,16017164.0,3
2027-03-27,Earring,Gold Jewelry,9,3278446.0,45,29506014.0,3
2027-03-28,Bangle,Gold Jewelry,9,3512934.0,65,31616406.0,3
2027-03-29,Bangle,Gold Jewelry,11,4571849.0,54,50290339.0,3
2027-03-30,Ring,Gold Jewelry,7,2902992.0,39,20320944.0,3
2027-03-31,Necklace,Gold Jewelry,13,4206225.0,93,54680925.0,3
2027-04-01,Charm,Gold Jewelry,8,4730644.0,25,37845152.0,4
2027-04-02,Brooch,Gold Jewelry,4,3196333.0,9,12785332.0,4
2027-04-03,Gold Bar,Gold Jewelry,9,4934222.0,71,44407998.0,4
2027-04-04,Pendant,Gold Jewelry,4,2487740.0,97,9950960.0,4
2027-04-05,Bracelet,Gold Jewelry,1,2647595.0,100,2647595.0,4
2027-04-06,Charm,Gold Jewelry,4,3983786.0,21,15935144.0,4
2027-04-07,Earring,Gold Jewelry,2,3740042.0,43,7480084.0,4
2027-04-08,Bangle,Gold Jewelry,6,4361561.0,48,26169366.0,4
2027-04-09,Pendant,Gold Jewelry,9,4800814.0,88,43207326.0,4
2027-04-10,Gold Bar,Gold Jewelry,4,3252857.0,67,13011428.0,4
2027-04-11,Brooch,Gold Jewelry,7,2605920.0,2,18241440.0,4
2027-04-12,Ring,Gold Jewelry,0,3313832.0,39,0.0,4
2027-04-13,Gold Bar,Gold Jewelry,2,3295854.0,65,6591708.0,4
2027-04-14,Pendant,Gold Jewelry,2,4745728.0,86,9491456.0,4
2027-04-15,Gold Bar,Gold Jewelry,8,3488775.0,57,27910200.0,4
2027-04-16,Pendant,Gold Jewelry,4,4952457.0,82,19809828.0,4
2027-04-17,Pendant,Gold Jewelry,11,2581187.0,71,28393057.0,4
2027-04-18,Anklet,Gold Jewelry,8,2873650.0,7,22989200.0,4
2027-04-19,Bracelet,Gold Jewelry,12,2928551.0,88,35142612.0,4
2027-04-20,Bangle,Gold Jewelry,8,3982018.0,40,31856144.0,4
2027-04-21,Anklet,Gold Jewelry,0,3474096.0,7,0.0,4
2027-04-22,Brooch,Gold Jewelry,1,4103178.0,1,4103178.0,4
2027-04-23,Anklet,Gold Jewelry,4,2588527.0,3,10354108.0,4
2027-04-24,Necklace,Gold Jewelry,3,4004291.0,90,12012873.0,4
2027-04-25,Necklace,Gold Jewelry,14,4004291.0,76,56060074.0,4
2027-04-26,Bangle,Gold Jewelry,9,4010319.0,31,36092871.0,4
2027-04-27,Gold Bar,Gold Jewelry,8,3646697.0,49,29173576.0,4
2027-04-28,Bracelet,Gold Jewelry,6,3411297.0,82,20467782.0,4
2027-04-29,Bangle,Gold Jewelry,0,3944373.0,31,0.0,4
2027-04-30,Pendant,Gold Jewelry,6,4771796.0,65,28630776.0,4
2027-05-01,Earring,Gold Jewelry,0,4587077.0,43,0.0,5
2027-05-02,Bracelet,Gold Jewelry,0,4892012.0,82,0.0,5
2027-05-03,Bracelet,Gold Jewelry,7,3020557.0,75,21143899.0,5
2027-05-04,Pendant,Gold Jewelry,12,3416621.0,53,40999452.0,5
2027-05-05,Pendant,Gold Jewelry,12,3826757.0,41,45921084.0,5
2027-05-06,Ring,Gold Jewelry,1,4152549.0,38,4152549.0,5
2027-05-07,Bangle,Gold Jewelry,11,2911442.0,20,32025862.0,5
2027-05-08,Pendant,Gold Jewelry,9,4004291.0,32,36038619.0,5
2027-05-09,Necklace,Gold Jewelry,10,3506921.0,66,35069210.0,5
2027-05-10,Brooch,Gold Jewelry,8,4004291.0,93,32034328.0,5
2027-05-11,Earring,Gold Jewelry,6,3850827.0,37,23104962.0,5
2027-05-12,Bangle,Gold Jewelry,5,4387374.0,15,21936870.0,5
2027-05-13,Charm,Gold Jewelry,0,3440869.0,21,0.0,5
2027-05-14,Necklace,Gold Jewelry,0,2925314.0,66,0.0,5
2027-05-15,Gold Bar,Gold Jewelry,1,4860462.0,48,4860462.0,5
2027-05-16,Pendant,Gold Jewelry,5,4184297.0,27,20921485.0,5
2027-05-17,Charm,Gold Jewelry,13,2530406.0,8,32895278.0,5
2027-05-18,Pendant,Gold Jewelry,0,4009817.0,27,0.0,5
2027-05-19,Bracelet,Gold Jewelry,1,4004291.0,74,4004291.0,5
2027-05-20,Necklace,Gold Jewelry,0,2819083.0,66,0.0,5
2027-05-21,Bracelet,Gold Jewelry,9,3456436.0,65,31107924.0,5
2027-05-22,Ring,Gold Jewelry,4,4004291.0,34,16017164.0,5
2027-05-23,Bracelet,Gold Jewelry,4,3438429.0,61,13753716.0,5
2027-05-24,Ring,Gold Jewelry,1,4045684.0,33,4045684.0,5
2027-05-25,Ring,Gold Jewelry,5,3586122.0,28,17930610.0,5
2027-05-26,Charm,Gold Jewelry,8,3041989.0,100,24335912.0,5
2027-05-27,Pendant,Gold Jewelry,1,4004291.0,26,4004291.0,5
2027-05-28,Gold Bar,Gold Jewelry,9,4766976.0,39,42902784.0,5
2027-05-29,Bracelet,Gold Jewelry,1,2923273.0,60,2923273.0,5
2027-05-30,Necklace,Gold Jewelry,2,4173485.0,64,8346970.0,5
2027-05-31,Ring,Gold Jewelry,12,4199989.0,16,50399868.0,5
2027-06-01,Pendant,Gold Jewelry,6,3359924.0,20,20159544.0,6
2027-06-02,Earring,Gold Jewelry,5,4844233.0,32,24221165.0,6
2027-06-03,Bangle,Gold Jewelry,11,4004291.0,4,44047201.0,6
2027-06-04,Charm,Gold Jewelry,7,3633855.0,93,25436985.0,6
2027-06-05,Gold Bar,Gold Jewelry,14,3130832.0,25,43831648.0,6
2027-06-06,Anklet,Gold Jewelry,7,3895591.0,96,27269137.0,6
2027-06-07,Charm,Gold Jewelry,5,3169948.0,88,15849740.0,6
2027-06-08,Earring,Gold Jewelry,11,4963284.0,21,54596124.0,6
2027-06-09,Bangle,Gold Jewelry,10,2514963.0,94,25149630.0,6
2027-06-10,Earring,Gold Jewelry,9,4635652.0,12,41720868.0,6
2027-06-11,Bracelet,Gold Jewelry,2,3701848.0,58,7403696.0,6
2027-06-12,Ring,Gold Jewelry,2,4004291.0,14,8008582.0,6
2027-06-13,Gold Bar,Gold Jewelry,14,3579683.0,11,50115562.0,6
2027-06-14,Brooch,Gold Jewelry,0,4004291.0,93,0.0,6
2027-06-15,Ring,Gold Jewelry,6,4004291.0,8,24025746.0,6
2027-06-16,Brooch,Gold Jewelry,4,3295942.0,89,13183768.0,6
2027-06-17,Bangle,Gold Jewelry,3,2568576.0,91,7705728.0,6
2027-06-18,Pendant,Gold Jewelry,9,3556268.0,11,32006412.0,6
2027-06-19,Anklet,Gold Jewelry,14,3104629.0,82,43464806.0,6
2027-06-20,Necklace,Gold Jewelry,3,3167104.0,61,9501312.0,6
2027-06-21,Ring,Gold Jewelry,13,3252742.0,95,42285646.0,6
2027-06-22,Gold Bar,Gold Jewelry,3,3373630.0,8,10120890.0,6
2027-06-23,Earring,Gold Jewelry,5,4004291.0,7,20021455.0,6
2027-06-24,Gold Bar,Gold Jewelry,14,3612294.0,94,50572116.0,6
2027-06-25,Bangle,Gold Jewelry,7,3854152.0,84,26979064.0,6
2027-06-26,Brooch,Gold Jewelry,7,2977480.0,82,20842360.0,6
2027-06-27,Earring,Gold Jewelry,4,4798188.0,3,19192752.0,6
2027-06-28,Necklace,Gold Jewelry,14,2490413.0,47,34865782.0,6
2027-06-29,Necklace,Gold Jewelry,0,4004291.0,47,0.0,6
2027-06-30,Ring,Gold Jewelry,3,4150994.0,92,12452982.0,6
2027-07-01,Bangle,Gold Jewelry,11,4004291.0,73,44047201.0,7
2027-07-02,Pendant,Gold Jewelry,13,3020430.0,98,39265590.0,7
2027-07-03,Bangle,Gold Jewelry,10,4590120.0,63,45901200.0,7
2027-07-04,Brooch,Gold Jewelry,12,3405202.0,70,40862424.0,7
2027-07-05,Gold Bar,Gold Jewelry,8,3123515.0,86,24988120.0,7
2027-07-06,Necklace,Gold Jewelry,7,3929867.0,40,27509069.0,7
2027-07-07,Gold Bar,Gold Jewelry,9,3373980.0,77,30365820.0,7
2027-07-08,Gold Bar,Gold Jewelry,11,2501056.0,66,27511616.0,7
2027-07-09,Gold Bar,Gold Jewelry,9,4608483.0,57,41476347.0,7
2027-07-10,Necklace,Gold Jewelry,0,4004291.0,40,0.0,7
2027-07-11,Charm,Gold Jewelry,14,3234452.0,74,45282328.0,7
2027-07-12,Bracelet,Gold Jewelry,1,3369380.0,57,3369380.0,7
2027-07-13,Brooch,Gold Jewelry,8,2887988.0,62,23103904.0,7
2027-07-14,Charm,Gold Jewelry,7,3094405.0,67,21660835.0,7
2027-07-15,Brooch,Gold Jewelry,13,4836467.0,49,62874071.0,7
2027-07-16,Earring,Gold Jewelry,2,3800768.0,1,7601536.0,7
2027-07-17,Bangle,Gold Jewelry,7,4324471.0,56,30271297.0,7
2027-07-18,Bangle,Gold Jewelry,11,4004291.0,45,44047201.0,7
2027-07-19,Anklet,Gold Jewelry,0,3978601.0,82,0.0,7
2027-07-20,Bangle,Gold Jewelry,9,4795344.0,36,43158096.0,7
2027-07-21,Necklace,Gold Jewelry,3,3871650.0,37,11614950.0,7
2027-07-22,Pendant,Gold Jewelry,2,2991005.0,96,5982010.0,7
2027-07-23,Ring,Gold Jewelry,0,3695958.0,92,0.0,7
2027-07-24,Anklet,Gold Jewelry,6,4536441.0,76,27218646.0,7
2027-07-25,Ring,Gold Jewelry,3,3634772.0,89,10904316.0,7
2027-07-26,Brooch,Gold Jewelry,6,4570146.0,43,27420876.0,7
2027-07-27,Ring,Gold Jewelry,8,4004291.0,81,32034328.0,7
2027-07-28,Ring,Gold Jewelry,10,4635452.0,71,46354520.0,7
2027-07-29,Anklet,Gold Jewelry,1,4872745.0,75,4872745.0,7
2027-07-30,Earring,Gold Jewelry,10,3031693.0,91,30316930.0,7
2027-07-31,Gold Bar,Gold Jewelry,2,3816092.0,55,7632184.0,7
2027-08-01,Bangle,Gold Jewelry,4,4218378.0,32,16873512.0,8
2027-08-02,Bangle,Gold Jewelry,2,4004291.0,30,8008582.0,8
2027-08-03,Necklace,Gold Jewelry,10,3965551.0,27,39655510.0,8
2027-08-04,Anklet,Gold Jewelry,7,4909331.0,68,34365317.0,8
2027-08-05,Necklace,Gold Jewelry,11,4179517.0,16,45974687.0,8
2027-08-06,Pendant,Gold Jewelry,0,2828554.0,96,0.0,8
2027-08-07,Pendant,Gold Jewelry,7,3729715.0,89,26108005.0,8
2027-08-08,Necklace,Gold Jewelry,7,3641170.0,9,25488190.0,8
2027-08-09,Anklet,Gold Jewelry,11,3155667.0,57,34712337.0,8
2027-08-10,Necklace,Gold Jewelry,11,4004291.0,98,44047201.0,8
2027-08-11,Bangle,Gold Jewelry,8,3601424.0,22,28811392.0,8
2027-08-12,Charm,Gold Jewelry,3,3693093.0,64,11079279.0,8
2027-08-13,Bracelet,Gold Jewelry,4,4491017.0,53,17964068.0,8
2027-08-14,Ring,Gold Jewelry,4,4004291.0,67,16017164.0,8
2027-08-15,Bracelet,Gold Jewelry,7,2922972.0,46,20460804.0,8
2027-08-16,Anklet,Gold Jewelry,6,2921399.0,51,17528394.0,8
2027-08-17,Bracelet,Gold Jewelry,0,2960215.0,46,0.0,8
2027-08-18,Pendant,Gold Jewelry,14,3180136.0,75,44521904.0,8
2027-08-19,Brooch,Gold Jewelry,14,4479482.0,29,62712748.0,8
2027-08-20,Ring,Gold Jewelry,13,2900662.0,54,37708606.0,8
2027-08-21,Gold Bar,Gold Jewelry,7,4133562.0,48,28934934.0,8
2027-08-22,Anklet,Gold Jewelry,1,4004291.0,50,4004291.0,8
2027-08-23,Ring,Gold Jewelry,9,4470415.0,45,40233735.0,8
2027-08-24,Bracelet,Gold Jewelry,11,2527595.0,35,27803545.0,8
2027-08-25,Pendant,Gold Jewelry,3,4004722.0,72,12014166.0,8
2027-08-26,Earring,Gold Jewelry,5,4972770.0,86,24863850.0,8
2027-08-27,Charm,Gold Jewelry,11,4346205.0,53,47808255.0,8
2027-08-28,Gold Bar,Gold Jewelry,1,4447127.0,47,4447127.0,8
2027-08-29,Charm,Gold Jewelry,6,4079874.0,47,24479244.0,8
2027-08-30,Ring,Gold Jewelry,2,3951415.0,43,7902830.0,8
2027-08-31,Pendant,Gold Jewelry,12,2836067.0,60,34032804.0,8
2027-09-01,Pendant,Gold Jewelry,2,4193326.0,58,8386652.0,9
2027-09-02,Bracelet,Gold Jewelry,10,4546385.0,25,45463850.0,9
2027-09-03,Bangle,Gold Jewelry,1,3928746.0,21,3928746.0,9
2027-09-04,Bracelet,Gold Jewelry,10,4968223.0,15,49682230.0,9
2027-09-05,Bangle,Gold Jewelry,7,4855822.0,14,33990754.0,9
2027-09-06,Bangle,Gold Jewelry,5,3864645.0,9,19323225.0,9
2027-09-07,Gold Bar,Gold Jewelry,0,3833885.0,47,0.0,9
2027-09-08,Bracelet,Gold Jewelry,11,4858573.0,4,53444303.0,9
2027-09-09,Earring,Gold Jewelry,0,4760963.0,86,0.0,9
2027-09-10,Necklace,Gold Jewelry,6,4004291.0,92,24025746.0,9
2027-09-11,Necklace,Gold Jewelry,7,3325940.0,85,23281580.0,9
2027-09-12,Bracelet,Gold Jewelry,4,4341691.0,100,17366764.0,9
2027-09-13,Bracelet,Gold Jewelry,11,3148530.0,89,34633830.0,9
2027-09-14,Charm,Gold Jewelry,10,4004291.0,37,40042910.0,9
2027-09-15,Gold Bar,Gold Jewelry,4,3990904.0,43,15963616.0,9
2027-09-16,Bracelet,Gold Jewelry,3,3193895.0,86,9581685.0,9
2027-09-17,Charm,Gold Jewelry,13,4932338.0,24,64120394.0,9
2027-09-18,Bangle,Gold Jewelry,5,2740144.0,4,13700720.0,9
2027-09-19,Pendant,Gold Jewelry,13,3739860.0,45,48618180.0,9
2027-09-20,Pendant,Gold Jewelry,5,3272505.0,40,16362525.0,9
2027-09-21,Bangle,Gold Jewelry,2,4924771.0,2,9849542.0,9
2027-09-22,Anklet,Gold Jewelry,8,4004291.0,42,32034328.0,9
2027-09-23,Charm,Gold Jewelry,11,3647234.0,13,40119574.0,9
2027-09-24,Charm,Gold Jewelry,10,4344585.0,3,43445850.0,9
2027-09-25,Bangle,Gold Jewelry,13,4004291.0,89,52055783.0,9
2027-09-26,Earring,Gold Jewelry,6,4004291.0,80,24025746.0,9
2027-09-27,Brooch,Gold Jewelry,0,3612048.0,29,0.0,9
2027-09-28,Ring,Gold Jewelry,14,3406450.0,29,47690300.0,9
2027-09-29,Bangle,Gold Jewelry,12,4032083.0,77,48384996.0,9
2027-09-30,Bracelet,Gold Jewelry,6,3983795.0,80,23902770.0,9
2027-10-01,Bracelet,Gold Jewelry,8,2783640.0,72,22269120.0,10
2027-10-02,Gold Bar,Gold Jewelry,8,4110795.0,35,32886360.0,10
2027-10-03,Bangle,Gold Jewelry,26,4004291.0,51,104111566.0,10
2027-10-04,Gold Bar,Gold Jewelry,24,3718358.0,11,89240592.0,10
2027-10-05,Bangle,Gold Jewelry,2,3062481.0,49,6124962.0,10
2027-10-06,Charm,Gold Jewelry,6,4547321.0,97,27283926.0,10
2027-10-07,Ring,Gold Jewelry,22,2613444.0,7,57495768.0,10
2027-10-08,Charm,Gold Jewelry,10,4302519.0,87,43025190.0,10
2027-10-09,Brooch,Gold Jewelry,18,4548254.0,11,81868572.0,10
2027-10-10,Pendant,Gold Jewelry,28,4850724.0,12,135820272.0,10
2027-10-11,Necklace,Gold Jewelry,20,4465191.0,65,89303820.0,10
2027-10-12,Bangle,Gold Jewelry,12,2704097.0,37,32449164.0,10
2027-10-13,Brooch,Gold Jewelry,20,4004291.0,91,80085820.0,10
2027-10-14,Pendant,Gold Jewelry,8,4004291.0,4,32034328.0,10
2027-10-15,Anklet,Gold Jewelry,0,4893865.0,42,0.0,10
2027-10-16,Ring,Gold Jewelry,4,4462341.0,3,17849364.0,10
2027-10-17,Gold Bar,Gold Jewelry,0,3483237.0,11,0.0,10
2027-10-18,Gold Bar,Gold Jewelry,6,3643387.0,5,21860322.0,10
2027-10-19,Charm,Gold Jewelry,16,3749197.0,71,59987152.0,10
2027-10-20,Bracelet,Gold Jewelry,6,4988324.0,66,29929944.0,10
2027-10-21,Pendant,Gold Jewelry,2,4379329.0,2,8758658.0,10
2027-10-22,Anklet,Gold Jewelry,18,4529807.0,24,81536526.0,10
2027-10-23,Brooch,Gold Jewelry,26,2966651.0,65,77132926.0,10
2027-10-24,Ring,Gold Jewelry,26,4004291.0,77,104111566.0,10
2027-10-25,Pendant,Gold Jewelry,8,4017814.0,94,32142512.0,10
2027-10-26,Anklet,Gold Jewelry,4,3758199.0,20,15032796.0,10
2027-10-27,Necklace,Gold Jewelry,24,3210032.0,41,77040768.0,10
2027-10-28,Bangle,Gold Jewelry,22,2810866.0,15,61839052.0,10
2027-10-29,Gold Bar,Gold Jewelry,24,3312557.0,81,79501368.0,10
2027-10-30,Brooch,Gold Jewelry,16,2714237.0,49,43427792.0,10
2027-10-31,Gold Bar,Gold Jewelry,6,4559089.0,75,27354534.0,10
2027-11-01,Brooch,Gold Jewelry,10,4004291.0,39,40042910.0,11
2027-11-02,Charm,Gold Jewelry,2,3478311.0,69,6956622.0,11
2027-11-03,Bracelet,Gold Jewelry,10,4004291.0,56,40042910.0,11
2027-11-04,Brooch,Gold Jewelry,4,4324018.0,35,17296072.0,11
2027-11-05,Gold Bar,Gold Jewelry,22,3851559.0,53,84734298.0,11
2027-11-06,Charm,Gold Jewelry,22,4004291.0,47,88094402.0,11
2027-11-07,Brooch,Gold Jewelry,16,4666674.0,19,74666784.0,11
2027-11-08,Necklace,Gold Jewelry,20,4847885.0,21,96957700.0,11
2027-11-09,Bracelet,Gold Jewelry,2,4004291.0,54,8008582.0,11
2027-11-10,Brooch,Gold Jewelry,28,3943469.0,91,110417132.0,11
2027-11-11,Charm,Gold Jewelry,22,4626637.0,25,101786014.0,11
2027-11-12,Pendant,Gold Jewelry,22,3995747.0,72,87906434.0,11
2027-11-13,Earring,Gold Jewelry,16,4338920.0,64,69422720.0,11
2027-11-14,Anklet,Gold Jewelry,8,4506347.0,12,36050776.0,11
2027-11-15,Earring,Gold Jewelry,14,4733853.0,50,66273942.0,11
2027-11-16,Earring,Gold Jewelry,2,2731852.0,48,5463704.0,11
2027-11-17,Ring,Gold Jewelry,10,4200502.0,67,42005020.0,11
2027-11-18,Necklace,Gold Jewelry,4,2710014.0,17,10840056.0,11
2027-11-19,Pendant,Gold Jewelry,0,4004291.0,72,0.0,11
2027-11-20,Bangle,Gold Jewelry,22,3325158.0,93,73153476.0,11
2027-11-21,Brooch,Gold Jewelry,26,4004291.0,65,104111566.0,11
2027-11-22,Anklet,Gold Jewelry,18,4385096.0,94,78931728.0,11
2027-11-23,Bracelet,Gold Jewelry,8,3786624.0,46,30292992.0,11
2027-11-24,Pendant,Gold Jewelry,22,4264145.0,50,93811190.0,11
2027-11-25,Gold Bar,Gold Jewelry,14,4663171.0,39,65284394.0,11
2027-11-26,Bangle,Gold Jewelry,18,3491952.0,75,62855136.0,11
2027-11-27,Ring,Gold Jewelry,26,3840073.0,41,99841898.0,11
2027-11-28,Ring,Gold Jewelry,0,3119921.0,41,0.0,11
2027-11-29,Pendant,Gold Jewelry,8,4301394.0,42,34411152.0,11
2027-11-30,Charm,Gold Jewelry,4,4004291.0,21,16017164.0,11
2027-12-01,Earring,Gold Jewelry,6,4787750.0,42,28726500.0,12
2027-12-02,Gold Bar,Gold Jewelry,2,4004291.0,37,8008582.0,12
2027-12-03,Ring,Gold Jewelry,16,4351036.0,25,69616576.0,12
2027-12-04,Anklet,Gold Jewelry,4,4623434.0,90,18493736.0,12
2027-12-05,Ring,Gold Jewelry,28,4075326.0,97,114109128.0,12
2027-12-06,Bracelet,Gold Jewelry,2,4004291.0,44,8008582.0,12
2027-12-07,Brooch,Gold Jewelry,18,4004291.0,47,72077238.0,12
2027-12-08,Ring,Gold Jewelry,20,3004258.0,77,60085160.0,12
2027-12-09,Bracelet,Gold Jewelry,16,3491205.0,28,55859280.0,12
2027-12-10,Pendant,Gold Jewelry,12,4004291.0,30,48051492.0,12
2027-12-11,Pendant,Gold Jewelry,10,4660091.0,20,46600910.0,12
2027-12-12,Bangle,Gold Jewelry,0,3504149.0,75,0.0,12
2027-12-13,Ring,Gold Jewelry,8,3324635.0,69,26597080.0,12
2027-12-14,Anklet,Gold Jewelry,22,3472548.0,68,76396056.0,12
2027-12-15,Ring,Gold Jewelry,20,4403071.0,49,88061420.0,12
2027-12-16,Anklet,Gold Jewelry,26,3067536.0,42,79755936.0,12
2027-12-17,Necklace,Gold Jewelry,28,3967989.0,89,111103692.0,12
2027-12-18,Bangle,Gold Jewelry,20,4573209.0,55,91464180.0,12
2027-12-19,Necklace,Gold Jewelry,4,3408196.0,85,13632784.0,12
2027-12-20,Ring,Gold Jewelry,0,3742032.0,49,0.0,12
2027-12-21,Bangle,Gold Jewelry,6,3541074.0,49,21246444.0,12
2027-12-22,Necklace,Gold Jewelry,24,3006962.0,61,72167088.0,12
2027-12-23,Earring,Gold Jewelry,2,4004291.0,40,8008582.0,12
2027-12-24,Ring,Gold Jewelry,2,3218119.0,47,6436238.0,12
2027-12-25,Necklace,Gold Jewelry,4,4988975.0,57,19955900.0,12
2027-12-26,Earring,Gold Jewelry,14,3721292.0,26,52098088.0,12
2027-12-27,Earring,Gold Jewelry,14,4513183.0,12,63184562.0,12
2027-12-28,Pendant,Gold Jewelry,22,4361750.0,98,95958500.0,12
2027-12-29,Ring,Gold Jewelry,28,4818759.0,19,134925252.0,12
2027-12-30,Earring,Gold Jewelry,12,2955819.0,100,35469828.0,12
2027-12-31,Pendant,Gold Jewelry,10,4996308.0,88,49963080.0,12
2028-01-01,Necklace,Gold Jewelry,8,2822035.0,49,22576280.0,1
2028-01-02,Bracelet,Gold Jewelry,3,3494405.0,25,10483215.0,1
2028-01-03,Ring,Gold Jewelry,11,4004291.0,8,44047201.0,1
2028-01-04,Bangle,Gold Jewelry,0,3170825.0,49,0.0,1
2028-01-05,Anklet,Gold Jewelry,7,3466972.0,35,24268804.0,1
2028-01-06,Anklet,Gold Jewelry,6,4828581.0,29,28971486.0,1
2028-01-07,Necklace,Gold Jewelry,6,4555017.0,43,27330102.0,1
2028-01-08,Charm,Gold Jewelry,14,3372935.0,7,47221090.0,1
2028-01-09,Charm,Gold Jewelry,2,4613862.0,5,9227724.0,1
2028-01-10,Necklace,Gold Jewelry,3,3965090.0,40,11895270.0,1
2028-01-11,Earring,Gold Jewelry,0,3141074.0,100,0.0,1
2028-01-12,Ring,Gold Jewelry,8,4987138.0,100,39897104.0,1
2028-01-13,Anklet,Gold Jewelry,0,2658427.0,29,0.0,1
2028-01-14,Anklet,Gold Jewelry,5,4403916.0,24,22019580.0,1
2028-01-15,Earring,Gold Jewelry,14,4004291.0,86,56060074.0,1
2028-01-16,Anklet,Gold Jewelry,14,4951524.0,10,69321336.0,1
2028-01-17,Bangle,Gold Jewelry,4,2578886.0,45,10315544.0,1
2028-01-18,Ring,Gold Jewelry,0,3782402.0,100,0.0,1
2028-01-19,Brooch,Gold Jewelry,8,3895522.0,39,31164176.0,1
2028-01-20,Anklet,Gold Jewelry,0,3928535.0,10,0.0,1
2028-01-21,Necklace,Gold Jewelry,4,2809656.0,36,11238624.0,1
2028-01-22,Bangle,Gold Jewelry,13,3407776.0,32,44301088.0,1
2028-01-23,Anklet,Gold Jewelry,3,3511622.0,7,10534866.0,1
2028-01-24,Bangle,Gold Jewelry,13,3028450.0,19,39369850.0,1
2028-01-25,Pendant,Gold Jewelry,3,2882758.0,85,8648274.0,1
2028-01-26,Brooch,Gold Jewelry,11,4905876.0,28,53964636.0,1
2028-01-27,Gold Bar,Gold Jewelry,0,4858854.0,37,0.0,1
2028-01-28,Necklace,Gold Jewelry,6,2675589.0,30,16053534.0,1
2028-01-29,Necklace,Gold Jewelry,8,3755482.0,22,30043856.0,1
2028-01-30,Ring,Gold Jewelry,2,3181003.0,98,6362006.0,1
2028-01-31,Bangle,Gold Jewelry,11,2756339.0,8,30319729.0,1
2028-02-01,Earring,Gold Jewelry,12,4004291.0,74,48051492.0,2
2028-02-02,Necklace,Gold Jewelry,14,4004291.0,8,56060074.0,2
2028-02-03,Bangle,Gold Jewelry,1,3070453.0,7,3070453.0,2
2028-02-04,Bangle,Gold Jewelry,2,4919090.0,5,9838180.0,2
2028-02-05,Bracelet,Gold Jewelry,0,4004291.0,25,0.0,2
2028-02-06,Bracelet,Gold Jewelry,5,4004291.0,20,20021455.0,2
2028-02-07,Gold Bar,Gold Jewelry,10,4004291.0,27,40042910.0,2
2028-02-08,Pendant,Gold Jewelry,10,3012372.0,75,30123720.0,2
2028-02-09,Gold Bar,Gold Jewelry,6,4004291.0,21,24025746.0,2
2028-02-10,Anklet,Gold Jewelry,10,4123311.0,97,41233110.0,2
2028-02-11,Earring,Gold Jewelry,10,3450894.0,64,34508940.0,2
2028-02-12,Anklet,Gold Jewelry,1,4224542.0,96,4224542.0,2
2028-02-13,Charm,Gold Jewelry,7,4559073.0,98,31913511.0,2
2028-02-14,Anklet,Gold Jewelry,13,4004291.0,83,52055783.0,2
2028-02-15,Ring,Gold Jewelry,5,3323492.0,93,16617460.0,2
2028-02-16,Anklet,Gold Jewelry,13,4004291.0,70,52055783.0,2
2028-02-17,Gold Bar,Gold Jewelry,3,4481332.0,18,13443996.0,2
2028-02-18,Necklace,Gold Jewelry,0,4004291.0,8,0.0,2
2028-02-19,Necklace,Gold Jewelry,7,4004291.0,1,28030037.0,2
2028-02-20,Bracelet,Gold Jewelry,13,4050581.0,7,52657553.0,2
2028-02-21,Earring,Gold Jewelry,2,4143889.0,62,8287778.0,2
2028-02-22,Earring,Gold Jewelry,2,4972646.0,60,9945292.0,2
2028-02-23,Ring,Gold Jewelry,13,4119491.0,80,53553383.0,2
2028-02-24,Gold Bar,Gold Jewelry,14,3212499.0,4,44974986.0,2
2028-02-25,Bracelet,Gold Jewelry,13,3314538.0,94,43088994.0,2
2028-02-26,Charm,Gold Jewelry,10,3635170.0,88,36351700.0,2
2028-02-27,Earring,Gold Jewelry,3,4498967.0,57,13496901.0,2
2028-02-28,Necklace,Gold Jewelry,0,3527422.0,1,0.0,2
2028-02-29,Anklet,Gold Jewelry,0,4417749.0,70,0.0,2
2028-03-01,Anklet,Gold Jewelry,7,4261949.0,63,29833643.0,3
2028-03-02,Bracelet,Gold Jewelry,7,3043590.0,87,21305130.0,3
2028-03-03,Gold Bar,Gold Jewelry,13,4137567.0,91,53788371.0,3
2028-03-04,Gold Bar,Gold Jewelry,9,4012284.0,82,36110556.0,3
2028-03-05,Pendant,Gold Jewelry,5,3696874.0,70,18484370.0,3
2028-03-06,Brooch,Gold Jewelry,6,4004291.0,22,24025746.0,3
2028-03-07,Earring,Gold Jewelry,5,4879256.0,52,24396280.0,3
2028-03-08,Gold Bar,Gold Jewelry,8,4788282.0,74,38306256.0,3
2028-03-09,Necklace,Gold Jewelry,2,4004291.0,99,8008582.0,3
2028-03-10,Bracelet,Gold Jewelry,13,4004291.0,74,52055783.0,3
2028-03-11,Charm,Gold Jewelry,2,2612757.0,86,5225514.0,3
2028-03-12,Pendant,Gold Jewelry,2,2990427.0,68,5980854.0,3
2028-03-13,Bangle,Gold Jewelry,9,4004291.0,96,36038619.0,3
2028-03-14,Ring,Gold Jewelry,2,3569257.0,78,7138514.0,3
2028-03-15,Charm,Gold Jewelry,8,3685767.0,78,29486136.0,3
2028-03-16,Bangle,Gold Jewelry,11,4640845.0,85,51049295.0,3
2028-03-17,Anklet,Gold Jewelry,3,4238132.0,60,12714396.0,3
2028-03-18,Ring,Gold Jewelry,12,3004829.0,66,36057948.0,3
2028-03-19,Earring,Gold Jewelry,6,4004291.0,46,24025746.0,3
2028-03-20,Necklace,Gold Jewelry,13,4004291.0,86,52055783.0,3
2028-03-21,Ring,Gold Jewelry,14,3131398.0,52,43839572.0,3
2028-03-22,Brooch,Gold Jewelry,8,4134933.0,14,33079464.0,3
2028-03-23,Bangle,Gold Jewelry,10,2913829.0,75,29138290.0,3
2028-03-24,Earring,Gold Jewelry,11,4004291.0,35,44047201.0,3
2028-03-25,Brooch,Gold Jewelry,6,3816722.0,8,22900332.0,3
2028-03-26,Anklet,Gold Jewelry,8,3631482.0,52,29051856.0,3
2028-03-27,Brooch,Gold Jewelry,11,4157496.0,97,45732456.0,3
2028-03-28,Pendant,Gold Jewelry,2,4134812.0,66,8269624.0,3
2028-03-29,Pendant,Gold Jewelry,14,4004291.0,52,56060074.0,3
2028-03-30,Bracelet,Gold Jewelry,3,4543144.0,71,13629432.0,3
2028-03-31,Charm,Gold Jewelry,13,4004291.0,65,52055783.0,3
2028-04-01,Charm,Gold Jewelry,7,3458256.0,58,24207792.0,4
2028-04-02,Earring,Gold Jewelry,5,4589457.0,30,22947285.0,4
2028-04-03,Anklet,Gold Jewelry,4,2594917.0,48,10379668.0,4
2028-04-04,Gold Bar,Gold Jewelry,0,3445507.0,74,0.0,4
2028-04-05,Pendant,Gold Jewelry,3,4004291.0,49,12012873.0,4
2028-04-06,Earring,Gold Jewelry,7,4004291.0,23,28030037.0,4
2028-04-07,Gold Bar,Gold Jewelry,0,4004291.0,74,0.0,4
2028-04-08,Charm,Gold Jewelry,13,2875643.0,45,37383359.0,4
2028-04-09,Bracelet,Gold Jewelry,8,2859091.0,63,22872728.0,4
2028-04-10,Brooch,Gold Jewelry,0,4101137.0,97,0.0,4
2028-04-11,Pendant,Gold Jewelry,0,3001157.0,49,0.0,4
2028-04-12,Earring,Gold Jewelry,3,4004291.0,20,12012873.0,4
2028-04-13,Ring,Gold Jewelry,8,4544692.0,44,36357536.0,4
2028-04-14,Gold Bar,Gold Jewelry,13,4756473.0,61,61834149.0,4
2028-04-15,Brooch,Gold Jewelry,10,2849265.0,87,28492650.0,4
2028-04-16,Pendant,Gold Jewelry,4,4004291.0,45,16017164.0,4
2028-04-17,Charm,Gold Jewelry,2,4972488.0,43,9944976.0,4
2028-04-18,Anklet,Gold Jewelry,0,3986322.0,48,0.0,4
2028-04-19,Gold Bar,Gold Jewelry,10,4902986.0,51,49029860.0,4
2028-04-20,Charm,Gold Jewelry,13,4409902.0,30,57328726.0,4
2028-04-21,Pendant,Gold Jewelry,13,4552902.0,32,59187726.0,4
2028-04-22,Gold Bar,Gold Jewelry,8,3738871.0,43,29910968.0,4
2028-04-23,Brooch,Gold Jewelry,3,2932821.0,84,8798463.0,4
2028-04-24,Pendant,Gold Jewelry,10,3264487.0,22,32644870.0,4
2028-04-25,Bangle,Gold Jewelry,3,2848877.0,72,8546631.0,4
2028-04-26,Earring,Gold Jewelry,11,4152919.0,9,45682109.0,4
2028-04-27,Brooch,Gold Jewelry,7,3526759.0,77,24687313.0,4
2028-04-28,Gold Bar,Gold Jewelry,1,4367869.0,42,4367869.0,4
2028-04-29,Anklet,Gold Jewelry,8,4840437.0,40,38723496.0,4
2028-04-30,Charm,Gold Jewelry,12,4199768.0,18,50397216.0,4
2028-05-01,Ring,Gold Jewelry,13,4821697.0,31,62682061.0,5
2028-05-02,Charm,Gold Jewelry,5,4075672.0,13,20378360.0,5
2028-05-03,Gold Bar,Gold Jewelry,8,4004291.0,34,32034328.0,5
2028-05-04,Charm,Gold Jewelry,7,4366463.0,6,30565241.0,5
2028-05-05,Earring,Gold Jewelry,14,4468997.0,95,62565958.0,5
2028-05-06,Pendant,Gold Jewelry,0,3396445.0,22,0.0,5
2028-05-07,Ring,Gold Jewelry,6,4029826.0,25,24178956.0,5
2028-05-08,Necklace,Gold Jewelry,12,2898163.0,74,34777956.0,5
2028-05-09,Gold Bar,Gold Jewelry,13,3393163.0,21,44111119.0,5
2028-05-10,Bracelet,Gold Jewelry,0,4469947.0,63,0.0,5
2028-05-11,Necklace,Gold Jewelry,13,4042290.0,61,52549770.0,5
2028-05-12,Charm,Gold Jewelry,11,3607953.0,95,39687483.0,5
2028-05-13,Gold Bar,Gold Jewelry,2,4726147.0,19,9452294.0,5
2028-05-14,Bangle,Gold Jewelry,10,4735211.0,62,47352110.0,5
2028-05-15,Bracelet,Gold Jewelry,13,3136244.0,50,40771172.0,5
2028-05-16,Ring,Gold Jewelry,1,4692467.0,24,4692467.0,5
2028-05-17,Anklet,Gold Jewelry,4,4015769.0,36,16063076.0,5
2028-05-18,Bangle,Gold Jewelry,14,4004291.0,48,56060074.0,5
2028-05-19,Necklace,Gold Jewelry,4,4004291.0,57,16017164.0,5
2028-05-20,Pendant,Gold Jewelry,4,4342555.0,18,17370220.0,5
2028-05-21,Earring,Gold Jewelry,0,3062755.0,95,0.0,5
2028-05-22,Anklet,Gold Jewelry,4,3106551.0,32,12426204.0,5
2028-05-23,Bangle,Gold Jewelry,2,3444782.0,46,6889564.0,5
2028-05-24,Pendant,Gold Jewelry,11,3058939.0,7,33648329.0,5
2028-05-25,Pendant,Gold Jewelry,0,3694093.0,7,0.0,5
2028-05-26,Gold Bar,Gold Jewelry,4,3035966.0,15,12143864.0,5
2028-05-27,Bangle,Gold Jewelry,12,3885134.0,34,46621608.0,5
2028-05-28,Ring,Gold Jewelry,8,4004291.0,16,32034328.0,5
2028-05-29,Charm,Gold Jewelry,12,4004291.0,83,48051492.0,5
2028-05-30,Bracelet,Gold Jewelry,8,4004291.0,42,32034328.0,5
2028-05-31,Bracelet,Gold Jewelry,3,4131590.0,39,12394770.0,5
2028-06-01,Necklace,Gold Jewelry,2,4189115.0,55,8378230.0,6
2028-06-02,Necklace,Gold Jewelry,0,4518554.0,55,0.0,6
2028-06-03,Bracelet,Gold Jewelry,1,3145896.0,38,3145896.0,6
2028-06-04,Ring,Gold Jewelry,0,3779262.0,16,0.0,6
2028-06-05,Earring,Gold Jewelry,0,4286515.0,95,0.0,6
2028-06-06,Brooch,Gold Jewelry,7,3573272.0,70,25012904.0,6
2028-06-07,Charm,Gold Jewelry,12,3346278.0,71,40155336.0,6
2028-06-08,Earring,Gold Jewelry,6,4163178.0,89,24979068.0,6
2028-06-09,Gold Bar,Gold Jewelry,14,4374224.0,1,61239136.0,6
2028-06-10,Brooch,Gold Jewelry,7,4004291.0,63,28030037.0,6
2028-06-11,Brooch,Gold Jewelry,11,4778098.0,52,52559078.0,6
2028-06-12,Bangle,Gold Jewelry,5,3340943.0,29,16704715.0,6
2028-06-13,Ring,Gold Jewelry,11,4105290.0,5,45158190.0,6
2028-06-14,Ring,Gold Jewelry,13,4867300.0,92,63274900.0,6
2028-06-15,Brooch,Gold Jewelry,14,2661585.0,38,37262190.0,6
2028-06-16,Bangle,Gold Jewelry,14,3997291.0,15,55962074.0,6
2028-06-17,Charm,Gold Jewelry,0,4004291.0,71,0.0,6
2028-06-18,Brooch,Gold Jewelry,2,4580939.0,36,9161878.0,6
2028-06-19,Anklet,Gold Jewelry,9,4004291.0,23,36038619.0,6
2028-06-20,Necklace,Gold Jewelry,3,4193336.0,52,12580008.0,6
2028-06-21,Necklace,Gold Jewelry,0,2669403.0,52,0.0,6
2028-06-22,Earring,Gold Jewelry,5,3886137.0,84,19430685.0,6
2028-06-23,Gold Bar,Gold Jewelry,7,4632673.0,94,32428711.0,6
2028-06-24,Necklace,Gold Jewelry,4,4298900.0,48,17195600.0,6
2028-06-25,Pendant,Gold Jewelry,2,3247742.0,5,6495484.0,6
2028-06-26,Earring,Gold Jewelry,5,3148493.0,79,15742465.0,6
2028-06-27,Necklace,Gold Jewelry,3,4126517.0,45,12379551.0,6
2028-06-28,Gold Bar,Gold Jewelry,8,3506446.0,86,28051568.0,6
2028-06-29,Ring,Gold Jewelry,12,3279093.0,80,39349116.0,6
2028-06-30,Ring,Gold Jewelry,2,4105130.0,78,8210260.0,6
2028-07-01,Charm,Gold Jewelry,3,4172727.0,68,12518181.0,7
2028-07-02,Brooch,Gold Jewelry,6,4936905.0,30,29621430.0,7
2028-07-03,Anklet,Gold Jewelry,0,2671601.0,23,0.0,7
2028-07-04,Ring,Gold Jewelry,11,2642775.0,67,29070525.0,7
2028-07-05,Bangle,Gold Jewelry,11,4324861.0,4,47573471.0,7
2028-07-06,Necklace,Gold Jewelry,3,4004291.0,42,12012873.0,7
2028-07-07,Bangle,Gold Jewelry,5,4784271.0,99,23921355.0,7
2028-07-08,Gold Bar,Gold Jewelry,11,4004291.0,75,44047201.0,7
2028-07-09,Ring,Gold Jewelry,12,4448710.0,55,53384520.0,7
2028-07-10,Anklet,Gold Jewelry,2,4805301.0,21,9610602.0,7
2028-07-11,Gold Bar,Gold Jewelry,5,2670116.0,70,13350580.0,7
2028-07-12,Pendant,Gold Jewelry,11,3390055.0,94,37290605.0,7
2028-07-13,Pendant,Gold Jewelry,1,3878715.0,93,3878715.0,7
2028-07-14,Bangle,Gold Jewelry,7,2851903.0,92,19963321.0,7
2028-07-15,Brooch,Gold Jewelry,1,3925394.0,29,3925394.0,7
2028-07-16,Earring,Gold Jewelry,10,4542807.0,69,45428070.0,7
2028-07-17,Brooch,Gold Jewelry,6,3684718.0,23,22108308.0,7
2028-07-18,Charm,Gold Jewelry,8,2999365.0,60,23994920.0,7
2028-07-19,Brooch,Gold Jewelry,0,4004291.0,23,0.0,7
2028-07-20,Charm,Gold Jewelry,7,4004291.0,53,28030037.0,7
2028-07-21,Charm,Gold Jewelry,6,3009809.0,47,18058854.0,7
2028-07-22,Anklet,Gold Jewelry,5,2704863.0,16,13524315.0,7
2028-07-23,Ring,Gold Jewelry,5,4567077.0,50,22835385.0,7
2028-07-24,Anklet,Gold Jewelry,5,4004291.0,11,20021455.0,7
2028-07-25,Charm,Gold Jewelry,8,4004291.0,39,32034328.0,7
2028-07-26,Gold Bar,Gold Jewelry,1,3428635.0,69,3428635.0,7
2028-07-27,Pendant,Gold Jewelry,0,3364840.0,93,0.0,7
2028-07-28,Charm,Gold Jewelry,12,2930495.0,27,35165940.0,7
2028-07-29,Anklet,Gold Jewelry,11,4997560.0,100,54973160.0,7
2028-07-30,Gold Bar,Gold Jewelry,5,3484257.0,64,17421285.0,7
2028-07-31,Anklet,Gold Jewelry,9,4499857.0,91,40498713.0,7
2028-08-01,Brooch,Gold Jewelry,10,4533262.0,13,45332620.0,8
2028-08-02,Necklace,Gold Jewelry,7,4527733.0,35,31694131.0,8
2028-08-03,Bangle,Gold Jewelry,2,3978173.0,90,7956346.0,8
2028-08-04,Earring,Gold Jewelry,11,4378250.0,58,48160750.0,8
2028-08-05,Anklet,Gold Jewelry,9,4378199.0,82,39403791.0,8
2028-08-06,Earring,Gold Jewelry,0,4004291.0,58,0.0,8
2028-08-07,Bracelet,Gold Jewelry,8,3357033.0,30,26856264.0,8
2028-08-08,Anklet,Gold Jewelry,12,3570938.0,70,42851256.0,8
2028-08-09,Necklace,Gold Jewelry,12,4004291.0,23,48051492.0,8
2028-08-10,Earring,Gold Jewelry,0,4004291.0,58,0.0,8
2028-08-11,Charm,Gold Jewelry,2,2793445.0,25,5586890.0,8
2028-08-12,Anklet,Gold Jewelry,7,3063051.0,63,21441357.0,8
2028-08-13,Ring,Gold Jewelry,0,4505700.0,50,0.0,8
2028-08-14,Bangle,Gold Jewelry,2,4004291.0,88,8008582.0,8
2028-08-15,Necklace,Gold Jewelry,12,3874705.0,11,46496460.0,8
2028-08-16,Earring,Gold Jewelry,3,4004291.0,55,12012873.0,8
2028-08-17,Necklace,Gold Jewelry,7,4912989.0,4,34390923.0,8
2028-08-18,Gold Bar,Gold Jewelry,0,3377147.0,64,0.0,8
2028-08-19,Bangle,Gold Jewelry,12,3570179.0,76,42842148.0,8
2028-08-20,Charm,Gold Jewelry,12,3535035.0,13,42420420.0,8
2028-08-21,Anklet,Gold Jewelry,0,4447611.0,63,0.0,8
2028-08-22,Anklet,Gold Jewelry,0,4939249.0,63,0.0,8
2028-08-23,Anklet,Gold Jewelry,13,4407166.0,50,57293158.0,8
2028-08-24,Bangle,Gold Jewelry,0,3700908.0,76,0.0,8
2028-08-25,Ring,Gold Jewelry,13,4127312.0,37,53655056.0,8
2028-08-26,Bracelet,Gold Jewelry,7,4004291.0,23,28030037.0,8
2028-08-27,Pendant,Gold Jewelry,10,3526625.0,83,35266250.0,8
2028-08-28,Brooch,Gold Jewelry,3,3163940.0,10,9491820.0,8
2028-08-29,Earring,Gold Jewelry,11,4139926.0,44,45539186.0,8
2028-08-30,Ring,Gold Jewelry,0,4120637.0,37,0.0,8
2028-08-31,Charm,Gold Jewelry,9,4004291.0,4,36038619.0,8
2028-09-01,Earring,Gold Jewelry,6,4004291.0,38,24025746.0,9
2028-09-02,Anklet,Gold Jewelry,4,4939409.0,46,19757636.0,9
2028-09-03,Necklace,Gold Jewelry,4,4489900.0,100,17959600.0,9
2028-09-04,Charm,Gold Jewelry,0,3943597.0,4,0.0,9
2028-09-05,Earring,Gold Jewelry,13,4375320.0,25,56879160.0,9
2028-09-06,Anklet,Gold Jewelry,9,4315608.0,37,38840472.0,9
2028-09-07,Earring,Gold Jewelry,10,2968099.0,15,29680990.0,9
2028-09-08,Necklace,Gold Jewelry,5,4230009.0,95,21150045.0,9
2028-09-09,Anklet,Gold Jewelry,13,3619022.0,24,47047286.0,9
2028-09-10,Bracelet,Gold Jewelry,8,4004291.0,15,32034328.0,9
2028-09-11,Ring,Gold Jewelry,8,4004291.0,29,32034328.0,9
2028-09-12,Gold Bar,Gold Jewelry,7,3272904.0,57,22910328.0,9
2028-09-13,Brooch,Gold Jewelry,4,2792341.0,6,11169364.0,9
2028-09-14,Bangle,Gold Jewelry,0,4389422.0,76,0.0,9
2028-09-15,Brooch,Gold Jewelry,8,2846434.0,98,22771472.0,9
2028-09-16,Charm,Gold Jewelry,0,4308734.0,4,0.0,9
2028-09-17,Brooch,Gold Jewelry,7,3812770.0,91,26689390.0,9
2028-09-18,Anklet,Gold Jewelry,4,2915068.0,20,11660272.0,9
2028-09-19,Bracelet,Gold Jewelry,2,3508788.0,13,7017576.0,9
2028-09-20,Gold Bar,Gold Jewelry,10,4877559.0,47,48775590.0,9
2028-09-21,Ring,Gold Jewelry,6,4283743.0,23,25702458.0,9
2028-09-22,Ring,Gold Jewelry,6,3531161.0,17,21186966.0,9
2028-09-23,Necklace,Gold Jewelry,8,3965576.0,87,31724608.0,9
2028-09-24,Bangle,Gold Jewelry,6,3259641.0,70,19557846.0,9
2028-09-25,Earring,Gold Jewelry,12,3386856.0,3,40642272.0,9
2028-09-26,Bracelet,Gold Jewelry,10,4531039.0,3,45310390.0,9
2028-09-27,Earring,Gold Jewelry,13,4321346.0,90,56177498.0,9
2028-09-28,Gold Bar,Gold Jewelry,2,2719683.0,45,5439366.0,9
2028-09-29,Brooch,Gold Jewelry,10,4898449.0,81,48984490.0,9
2028-09-30,Ring,Gold Jewelry,12,4143410.0,5,49720920.0,9
2028-10-01,Gold Bar,Gold Jewelry,28,3009434.0,17,84264152.0,10
2028-10-02,Brooch,Gold Jewelry,26,4487466.0,55,116674116.0,10
2028-10-03,Ring,Gold Jewelry,24,4004291.0,81,96102984.0,10
2028-10-04,Brooch,Gold Jewelry,0,3483583.0,55,0.0,10
2028-10-05,Bangle,Gold Jewelry,14,3150810.0,56,44111340.0,10
2028-10-06,Bracelet,Gold Jewelry,22,3925822.0,81,86368084.0,10
2028-10-07,Charm,Gold Jewelry,4,3244742.0,100,12978968.0,10
2028-10-08,Gold Bar,Gold Jewelry,22,3456223.0,95,76036906.0,10
2028-10-09,Gold Bar,Gold Jewelry,14,2797873.0,81,39170222.0,10
2028-10-10,Pendant,Gold Jewelry,14,3247988.0,69,45471832.0,10
2028-10-11,Anklet,Gold Jewelry,24,3700040.0,96,88800960.0,10
2028-10-12,Bangle,Gold Jewelry,8,3862304.0,48,30898432.0,10
2028-10-13,Bangle,Gold Jewelry,24,4724148.0,24,113379552.0,10
2028-10-14,Earring,Gold Jewelry,22,4004291.0,68,88094402.0,10
2028-10-15,Brooch,Gold Jewelry,24,4335409.0,31,104049816.0,10
2028-10-16,Anklet,Gold Jewelry,0,4171634.0,96,0.0,10
2028-10-17,Bracelet,Gold Jewelry,24,3606924.0,57,86566176.0,10
2028-10-18,Bracelet,Gold Jewelry,18,3559491.0,39,64070838.0,10
2028-10-19,Bangle,Gold Jewelry,12,4268245.0,12,51218940.0,10
2028-10-20,Bracelet,Gold Jewelry,22,4693117.0,17,103248574.0,10
2028-10-21,Pendant,Gold Jewelry,18,3613634.0,51,65045412.0,10
2028-10-22,Gold Bar,Gold Jewelry,8,4550797.0,73,36406376.0,10
2028-10-23,Necklace,Gold Jewelry,14,4132303.0,73,57852242.0,10
2028-10-24,Charm,Gold Jewelry,16,4881211.0,84,78099376.0,10
2028-10-25,Earring,Gold Jewelry,20,4004291.0,48,80085820.0,10
2028-10-26,Brooch,Gold Jewelry,26,3139136.0,5,81617536.0,10
2028-10-27,Charm,Gold Jewelry,12,4379752.0,72,52557024.0,10
2028-10-28,Brooch,Gold Jewelry,26,4993455.0,79,129829830.0,10
2028-10-29,Ring,Gold Jewelry,24,3209662.0,57,77031888.0,10
2028-10-30,Charm,Gold Jewelry,28,4004291.0,44,112120148.0,10
2028-10-31,Necklace,Gold Jewelry,12,4004291.0,61,48051492.0,10
2028-11-01,Bangle,Gold Jewelry,0,3607383.0,12,0.0,11
2028-11-02,Pendant,Gold Jewelry,28,3831048.0,23,107269344.0,11
2028-11-03,Gold Bar,Gold Jewelry,6,4087205.0,67,24523230.0,11
2028-11-04,Gold Bar,Gold Jewelry,2,4980542.0,65,9961084.0,11
2028-11-05,Pendant,Gold Jewelry,2,3649436.0,21,7298872.0,11
2028-11-06,Anklet,Gold Jewelry,2,4020121.0,94,8040242.0,11
2028-11-07,Ring,Gold Jewelry,6,4917625.0,51,29505750.0,11
2028-11-08,Brooch,Gold Jewelry,26,4004291.0,53,104111566.0,11
2028-11-09,Necklace,Gold Jewelry,0,4144351.0,61,0.0,11
2028-11-10,Bracelet,Gold Jewelry,28,4276336.0,89,119737408.0,11
2028-11-11,Charm,Gold Jewelry,6,4603917.0,38,27623502.0,11
2028-11-12,Ring,Gold Jewelry,2,3564323.0,49,7128646.0,11
2028-11-13,Charm,Gold Jewelry,8,3445574.0,30,27564592.0,11
2028-11-14,Necklace,Gold Jewelry,4,3031937.0,57,12127748.0,11
2028-11-15,Earring,Gold Jewelry,28,4523760.0,20,126665280.0,11
2028-11-16,Earring,Gold Jewelry,22,4798513.0,98,105567286.0,11
2028-11-17,Ring,Gold Jewelry,14,4962029.0,35,69468406.0,11
2028-11-18,Bangle,Gold Jewelry,0,4505501.0,12,0.0,11
2028-11-19,Necklace,Gold Jewelry,0,3581834.0,57,0.0,11
2028-11-20,Necklace,Gold Jewelry,0,4558587.0,57,0.0,11
2028-11-21,Pendant,Gold Jewelry,22,3153066.0,99,69367452.0,11
2028-11-22,Bangle,Gold Jewelry,18,4004291.0,94,72077238.0,11
2028-11-23,Brooch,Gold Jewelry,4,3330696.0,49,13322784.0,11
2028-11-24,Brooch,Gold Jewelry,28,4404970.0,21,123339160.0,11
2028-11-25,Bracelet,Gold Jewelry,16,2832062.0,73,45312992.0,11
2028-11-26,Gold Bar,Gold Jewelry,12,4080241.0,53,48962892.0,11
2028-11-27,Earring,Gold Jewelry,2,3745499.0,96,7490998.0,11
2028-11-28,Brooch,Gold Jewelry,28,4004291.0,93,112120148.0,11
2028-11-29,Bangle,Gold Jewelry,24,4578445.0,70,109882680.0,11
2028-11-30,Necklace,Gold Jewelry,16,4004291.0,41,64068656.0,11
2028-12-01,Brooch,Gold Jewelry,18,2922609.0,75,52606962.0,12
2028-12-02,Necklace,Gold Jewelry,2,4728255.0,39,9456510.0,12
2028-12-03,Brooch,Gold Jewelry,4,4004291.0,71,16017164.0,12
2028-12-04,Earring,Gold Jewelry,20,4004291.0,76,80085820.0,12
2028-12-05,Charm,Gold Jewelry,24,4004291.0,6,96102984.0,12
2028-12-06,Brooch,Gold Jewelry,18,4004291.0,53,72077238.0,12
2028-12-07,Bangle,Gold Jewelry,26,4568924.0,44,118792024.0,12
2028-12-08,Brooch,Gold Jewelry,2,4004291.0,51,8008582.0,12
2028-12-09,Gold Bar,Gold Jewelry,4,4004291.0,49,16017164.0,12
2028-12-10,Earring,Gold Jewelry,10,4004291.0,66,40042910.0,12
2028-12-11,Bangle,Gold Jewelry,16,4334099.0,28,69345584.0,12
2028-12-12,Pendant,Gold Jewelry,16,4004291.0,83,64068656.0,12
2028-12-13,Bangle,Gold Jewelry,12,3862452.0,16,46349424.0,12
2028-12-14,Gold Bar,Gold Jewelry,22,4004291.0,27,88094402.0,12
2028-12-15,Charm,Gold Jewelry,4,4004291.0,2,16017164.0,12
2028-12-16,Earring,Gold Jewelry,6,4078756.0,60,24472536.0,12
2028-12-17,Pendant,Gold Jewelry,10,4004291.0,73,40042910.0,12
2028-12-18,Gold Bar,Gold Jewelry,20,4004291.0,7,80085820.0,12
2028-12-19,Gold Bar,Gold Jewelry,0,3954796.0,7,0.0,12
2028-12-20,Ring,Gold Jewelry,2,2838436.0,33,5676872.0,12
2028-12-21,Earring,Gold Jewelry,24,2741279.0,36,65790696.0,12
2028-12-22,Bangle,Gold Jewelry,0,3845462.0,16,0.0,12
2028-12-23,Necklace,Gold Jewelry,4,2812124.0,35,11248496.0,12
2028-12-24,Charm,Gold Jewelry,26,4142970.0,76,107717220.0,12
2028-12-25,Necklace,Gold Jewelry,14,4639493.0,21,64952902.0,12
2028-12-26,Bangle,Gold Jewelry,2,4004291.0,14,8008582.0,12
2028-12-27,Bangle,Gold Jewelry,0,4917063.0,14,0.0,12
2028-12-28,Earring,Gold Jewelry,16,4004291.0,20,64068656.0,12
2028-12-29,Bangle,Gold Jewelry,26,4004291.0,88,104111566.0,12
2028-12-30,Ring,Gold Jewelry,22,3723478.0,11,81916516.0,12
2028-12-31,Pendant,Gold Jewelry,4,3177244.0,69,12708976.0,12
2029-01-01,Bangle,Gold Jewelry,10,4000170.0,78,40001700.0,1
2029-01-02,Necklace,Gold Jewelry,0,4004291.0,21,0.0,1
2029-01-03,Bangle,Gold Jewelry,6,4789212.0,72,28735272.0,1
2029-01-04,Ring,Gold Jewelry,12,2969723.0,99,35636676.0,1
2029-01-05,Brooch,Gold Jewelry,14,4192400.0,37,58693600.0,1
2029-01-06,Brooch,Gold Jewelry,9,3571927.0,28,32147343.0,1
2029-01-07,Gold Bar,Gold Jewelry,4,2816306.0,3,11265224.0,1
2029-01-08,Charm,Gold Jewelry,4,4004291.0,72,16017164.0,1
2029-01-09,Bracelet,Gold Jewelry,13,4013173.0,60,52171249.0,1
2029-01-10,Pendant,Gold Jewelry,0,3709334.0,69,0.0,1
2029-01-11,Anklet,Gold Jewelry,14,3727644.0,80,52187016.0,1
2029-01-12,Gold Bar,Gold Jewelry,14,4004291.0,89,56060074.0,1
2029-01-13,Charm,Gold Jewelry,8,4004291.0,64,32034328.0,1
2029-01-14,Brooch,Gold Jewelry,6,4475460.0,22,26852760.0,1
2029-01-15,Necklace,Gold Jewelry,7,3227209.0,14,22590463.0,1
2029-01-16,Anklet,Gold Jewelry,8,4475821.0,72,35806568.0,1
2029-01-17,Charm,Gold Jewelry,5,3176085.0,59,15880425.0,1
2029-01-18,Charm,Gold Jewelry,11,4004291.0,48,44047201.0,1
2029-01-19,Gold Bar,Gold Jewelry,4,3556608.0,85,14226432.0,1
2029-01-20,Anklet,Gold Jewelry,5,3590525.0,67,17952625.0,1
2029-01-21,Earring,Gold Jewelry,0,4230056.0,20,0.0,1
2029-01-22,Bracelet,Gold Jewelry,1,3922407.0,59,3922407.0,1
2029-01-23,Earring,Gold Jewelry,3,4004291.0,17,12012873.0,1
2029-01-24,Anklet,Gold Jewelry,2,3240512.0,65,6481024.0,1
2029-01-25,Earring,Gold Jewelry,12,3509942.0,5,42119304.0,1
2029-01-26,Ring,Gold Jewelry,6,3218278.0,93,19309668.0,1
2029-01-27,Brooch,Gold Jewelry,8,4673940.0,14,37391520.0,1
2029-01-28,Ring,Gold Jewelry,4,4004291.0,89,16017164.0,1
2029-01-29,Bangle,Gold Jewelry,5,3124093.0,67,15620465.0,1
2029-01-30,Earring,Gold Jewelry,9,3239955.0,96,29159595.0,1
2029-01-31,Bangle,Gold Jewelry,13,4030074.0,54,52390962.0,1
2029-02-01,Necklace,Gold Jewelry,11,4266180.0,3,46927980.0,2
2029-02-02,Pendant,Gold Jewelry,11,4629082.0,58,50919902.0,2
2029-02-03,Necklace,Gold Jewelry,1,4232183.0,2,4232183.0,2
2029-02-04,Anklet,Gold Jewelry,2,3393545.0,63,6787090.0,2
2029-02-05,Charm,Gold Jewelry,2,4374528.0,46,8749056.0,2
2029-02-06,Brooch,Gold Jewelry,11,4650892.0,3,51159812.0,2
2029-02-07,Earring,Gold Jewelry,11,4004291.0,85,44047201.0,2
2029-02-08,Gold Bar,Gold Jewelry,14,4004291.0,71,56060074.0,2
2029-02-09,Pendant,Gold Jewelry,8,4095205.0,50,32761640.0,2
2029-02-10,Bracelet,Gold Jewelry,14,4058514.0,45,56819196.0,2
2029-02-11,Bracelet,Gold Jewelry,0,4998680.0,45,0.0,2
2029-02-12,Bracelet,Gold Jewelry,7,3219511.0,38,22536577.0,2
2029-02-13,Earring,Gold Jewelry,10,4004291.0,75,40042910.0,2
2029-02-14,Bracelet,Gold Jewelry,9,4004291.0,29,36038619.0,2
2029-02-15,Ring,Gold Jewelry,10,3499760.0,79,34997600.0,2
2029-02-16,Pendant,Gold Jewelry,8,3052283.0,42,24418264.0,2
2029-02-17,Ring,Gold Jewelry,5,3891613.0,74,19458065.0,2
2029-02-18,Charm,Gold Jewelry,3,4004291.0,43,12012873.0,2
2029-02-19,Pendant,Gold Jewelry,11,4870226.0,31,53572486.0,2
2029-02-20,Ring,Gold Jewelry,0,4004291.0,74,0.0,2
2029-02-21,Pendant,Gold Jewelry,7,4096683.0,24,28676781.0,2
2029-02-22,Charm,Gold Jewelry,6,4556798.0,37,27340788.0,2
2029-02-23,Bangle,Gold Jewelry,1,4004291.0,53,4004291.0,2
2029-02-24,Earring,Gold Jewelry,7,4004291.0,68,28030037.0,2
2029-02-25,Earring,Gold Jewelry,11,4871213.0,57,53583343.0,2
2029-02-26,Bracelet,Gold Jewelry,4,3211722.0,25,12846888.0,2
2029-02-27,Necklace,Gold Jewelry,6,4847618.0,96,29085708.0,2
2029-02-28,Bracelet,Gold Jewelry,3,3397290.0,22,10191870.0,2
2029-03-01,Anklet,Gold Jewelry,4,4093520.0,59,16374080.0,3
2029-03-02,Ring,Gold Jewelry,7,4004291.0,67,28030037.0,3
2029-03-03,Pendant,Gold Jewelry,0,4004291.0,24,0.0,3
2029-03-04,Necklace,Gold Jewelry,0,2968048.0,96,0.0,3
2029-03-05,Charm,Gold Jewelry,14,4273252.0,23,59825528.0,3
2029-03-06,Anklet,Gold Jewelry,3,3213483.0,56,9640449.0,3
2029-03-07,Charm,Gold Jewelry,2,4626062.0,21,9252124.0,3
2029-03-08,Earring,Gold Jewelry,12,4004291.0,45,48051492.0,3
2029-03-09,Earring,Gold Jewelry,0,4004291.0,45,0.0,3
2029-03-10,Bracelet,Gold Jewelry,11,4004291.0,11,44047201.0,3
2029-03-11,Ring,Gold Jewelry,1,4004291.0,66,4004291.0,3
2029-03-12,Necklace,Gold Jewelry,11,4004291.0,85,44047201.0,3
2029-03-13,Brooch,Gold Jewelry,2,4495004.0,1,8990008.0,3
2029-03-14,Anklet,Gold Jewelry,10,4004291.0,46,40042910.0,3
2029-03-15,Anklet,Gold Jewelry,14,4692618.0,32,65696652.0,3
2029-03-16,Bracelet,Gold Jewelry,14,4148673.0,97,58081422.0,3
2029-03-17,Earring,Gold Jewelry,10,4004291.0,35,40042910.0,3
2029-03-18,Bracelet,Gold Jewelry,13,4004291.0,84,52055783.0,3
2029-03-19,Pendant,Gold Jewelry,0,2986314.0,24,0.0,3
2029-03-20,Necklace,Gold Jewelry,0,4004291.0,85,0.0,3
2029-03-21,Ring,Gold Jewelry,0,4304090.0,66,0.0,3
2029-03-22,Bangle,Gold Jewelry,5,4004291.0,48,20021455.0,3
2029-03-23,Gold Bar,Gold Jewelry,4,3519692.0,67,14078768.0,3
2029-03-24,Gold Bar,Gold Jewelry,7,4004291.0,60,28030037.0,3
2029-03-25,Bracelet,Gold Jewelry,1,4848775.0,83,4848775.0,3
2029-03-26,Pendant,Gold Jewelry,3,4004291.0,21,12012873.0,3
2029-03-27,Necklace,Gold Jewelry,7,4387694.0,78,30713858.0,3
2029-03-28,Brooch,Gold Jewelry,11,4004291.0,90,44047201.0,3
2029-03-29,Gold Bar,Gold Jewelry,5,3355904.0,55,16779520.0,3
2029-03-30,Necklace,Gold Jewelry,0,3045865.0,78,0.0,3
2029-03-31,Ring,Gold Jewelry,14,3491773.0,52,48884822.0,3
2029-04-01,Charm,Gold Jewelry,3,4721037.0,18,14163111.0,4
2029-04-02,Pendant,Gold Jewelry,0,4817381.0,21,0.0,4
2029-04-03,Earring,Gold Jewelry,12,2854616.0,23,34255392.0,4
2029-04-04,Necklace,Gold Jewelry,1,3161370.0,77,3161370.0,4
2029-04-05,Ring,Gold Jewelry,4,4800143.0,48,19200572.0,4
2029-04-06,Brooch,Gold Jewelry,13,3297385.0,77,42866005.0,4
2029-04-07,Bangle,Gold Jewelry,7,4350638.0,41,30454466.0,4
2029-04-08,Earring,Gold Jewelry,7,4796337.0,16,33574359.0,4
2029-04-09,Bangle,Gold Jewelry,10,4004291.0,31,40042910.0,4
2029-04-10,Brooch,Gold Jewelry,2,4004291.0,75,8008582.0,4
2029-04-11,Ring,Gold Jewelry,10,4410253.0,38,44102530.0,4
2029-04-12,Gold Bar,Gold Jewelry,12,3767399.0,43,45208788.0,4
2029-04-13,Bangle,Gold Jewelry,3,3007756.0,28,9023268.0,4
2029-04-14,Earring,Gold Jewelry,9,3604376.0,7,32439384.0,4
2029-04-15,Bracelet,Gold Jewelry,10,3668487.0,73,36684870.0,4
2029-04-16,Anklet,Gold Jewelry,13,4004291.0,19,52055783.0,4
2029-04-17,Necklace,Gold Jewelry,5,3204039.0,72,16020195.0,4
2029-04-18,Gold Bar,Gold Jewelry,10,4004291.0,33,40042910.0,4
2029-04-19,Bangle,Gold Jewelry,10,4313517.0,18,43135170.0,4
2029-04-20,Charm,Gold Jewelry,9,3335242.0,9,30017178.0,4
2029-04-21,Necklace,Gold Jewelry,2,4004291.0,70,8008582.0,4
2029-04-22,Bracelet,Gold Jewelry,1,4004291.0,72,4004291.0,4
2029-04-23,Brooch,Gold Jewelry,5,4570302.0,70,22851510.0,4
2029-04-24,Anklet,Gold Jewelry,10,4102712.0,9,41027120.0,4
2029-04-25,Ring,Gold Jewelry,12,3313749.0,26,39764988.0,4
2029-04-26,Bracelet,Gold Jewelry,14,4004291.0,58,56060074.0,4
2029-04-27,Bracelet,Gold Jewelry,4,4872131.0,54,19488524.0,4
2029-04-28,Brooch,Gold Jewelry,13,4004291.0,57,52055783.0,4
2029-04-29,Pendant,Gold Jewelry,9,4811335.0,12,43302015.0,4
2029-04-30,Brooch,Gold Jewelry,4,3589687.0,53,14358748.0,4
2029-05-01,Pendant,Gold Jewelry,9,4004291.0,3,36038619.0,5
2029-05-02,Pendant,Gold Jewelry,0,4674855.0,3,0.0,5
2029-05-03,Gold Bar,Gold Jewelry,4,4004291.0,29,16017164.0,5
2029-05-04,Gold Bar,Gold Jewelry,9,3860965.0,20,34748685.0,5
2029-05-05,Earring,Gold Jewelry,11,4016671.0,96,44183381.0,5
2029-05-06,Bangle,Gold Jewelry,4,4004291.0,14,16017164.0,5
2029-05-07,Bangle,Gold Jewelry,2,4004291.0,12,8008582.0,5
2029-05-08,Ring,Gold Jewelry,6,3531463.0,20,21188778.0,5
2029-05-09,Bangle,Gold Jewelry,5,4883023.0,7,24415115.0,5
2029-05-10,Gold Bar,Gold Jewelry,3,4895510.0,17,14686530.0,5
2029-05-11,Earring,Gold Jewelry,1,3146179.0,95,3146179.0,5
2029-05-12,Earring,Gold Jewelry,11,4004291.0,84,44047201.0,5
2029-05-13,Pendant,Gold Jewelry,8,4097633.0,95,32781064.0,5
2029-05-14,Brooch,Gold Jewelry,0,4004291.0,53,0.0,5
2029-05-15,Ring,Gold Jewelry,12,4004291.0,8,48051492.0,5
2029-05-16,Pendant,Gold Jewelry,12,3428270.0,83,41139240.0,5
2029-05-17,Brooch,Gold Jewelry,10,4004291.0,43,40042910.0,5
2029-05-18,Bangle,Gold Jewelry,14,4004291.0,93,56060074.0,5
2029-05-19,Pendant,Gold Jewelry,13,3416867.0,70,44419271.0,5
2029-05-20,Necklace,Gold Jewelry,3,3904381.0,67,11713143.0,5
2029-05-21,Bangle,Gold Jewelry,0,4004291.0,93,0.0,5
2029-05-22,Brooch,Gold Jewelry,12,4817328.0,31,57807936.0,5
2029-05-23,Ring,Gold Jewelry,5,3662965.0,3,18314825.0,5
2029-05-24,Brooch,Gold Jewelry,3,3040483.0,28,9121449.0,5
2029-05-25,Pendant,Gold Jewelry,4,4004291.0,66,16017164.0,5
2029-05-26,Pendant,Gold Jewelry,4,4669962.0,62,18679848.0,5
2029-05-27,Bracelet,Gold Jewelry,8,3073646.0,46,24589168.0,5
2029-05-28,Ring,Gold Jewelry,0,4184503.0,3,0.0,5
2029-05-29,Charm,Gold Jewelry,12,2912024.0,97,34944288.0,5
2029-05-30,Bangle,Gold Jewelry,1,4004291.0,92,4004291.0,5
2029-05-31,Earring,Gold Jewelry,12,3716789.0,72,44601468.0,5
2029-06-01,Ring,Gold Jewelry,5,3350026.0,98,16750130.0,6
2029-06-02,Earring,Gold Jewelry,4,2920276.0,68,11681104.0,6
2029-06-03,Ring,Gold Jewelry,10,2987494.0,88,29874940.0,6
2029-06-04,Ring,Gold Jewelry,6,4856686.0,82,29140116.0,6
2029-06-05,Brooch,Gold Jewelry,2,4004291.0,26,8008582.0,6
2029-06-06,Ring,Gold Jewelry,2,4688232.0,80,9376464.0,6
2029-06-07,Bracelet,Gold Jewelry,9,4676307.0,37,42086763.0,6
2029-06-08,Charm,Gold Jewelry,1,3087285.0,96,3087285.0,6
2029-06-09,Pendant,Gold Jewelry,12,4200254.0,50,50403048.0,6
2029-06-10,Anklet,Gold Jewelry,2,3078949.0,7,6157898.0,6
2029-06-11,Earring,Gold Jewelry,9,4004291.0,59,36038619.0,6
2029-06-12,Pendant,Gold Jewelry,0,4200477.0,50,0.0,6
2029-06-13,Anklet,Gold Jewelry,4,3048371.0,3,12193484.0,6
2029-06-14,Charm,Gold Jewelry,13,4004291.0,83,52055783.0,6
2029-06-15,Charm,Gold Jewelry,14,3459275.0,69,48429850.0,6
2029-06-16,Earring,Gold Jewelry,11,4538002.0,48,49918022.0,6
2029-06-17,Earring,Gold Jewelry,4,2938591.0,44,11754364.0,6
2029-06-18,Charm,Gold Jewelry,11,4004291.0,58,44047201.0,6
2029-06-19,Anklet,Gold Jewelry,10,4004291.0,93,40042910.0,6
2029-06-20,Ring,Gold Jewelry,6,3454604.0,74,20727624.0,6
2029-06-21,Bangle,Gold Jewelry,3,4004291.0,89,12012873.0,6
2029-06-22,Necklace,Gold Jewelry,2,3590220.0,65,7180440.0,6
2029-06-23,Pendant,Gold Jewelry,0,3760681.0,50,0.0,6
2029-06-24,Brooch,Gold Jewelry,11,3084409.0,15,33928499.0,6
2029-06-25,Pendant,Gold Jewelry,14,4152649.0,36,58137086.0,6
2029-06-26,Brooch,Gold Jewelry,7,4026968.0,8,28188776.0,6
2029-06-27,Anklet,Gold Jewelry,12,3979152.0,81,47749824.0,6
2029-06-28,Brooch,Gold Jewelry,2,3803167.0,6,7606334.0,6
2029-06-29,Earring,Gold Jewelry,12,4930932.0,32,59171184.0,6
2029-06-30,Bangle,Gold Jewelry,14,4004291.0,75,56060074.0,6
2029-07-01,Bangle,Gold Jewelry,1,4821892.0,74,4821892.0,7
2029-07-02,Earring,Gold Jewelry,10,3701596.0,22,37015960.0,7
2029-07-03,Bracelet,Gold Jewelry,3,4004291.0,34,12012873.0,7
2029-07-04,Anklet,Gold Jewelry,2,4004291.0,79,8008582.0,7
2029-07-05,Bracelet,Gold Jewelry,12,4004291.0,22,48051492.0,7
2029-07-06,Bracelet,Gold Jewelry,0,3413573.0,22,0.0,7
2029-07-07,Pendant,Gold Jewelry,2,4416173.0,34,8832346.0,7
2029-07-08,Charm,Gold Jewelry,11,4451559.0,47,48967149.0,7
2029-07-09,Pendant,Gold Jewelry,1,4906742.0,33,4906742.0,7
2029-07-10,Charm,Gold Jewelry,7,3899977.0,40,27299839.0,7
2029-07-11,Necklace,Gold Jewelry,0,4553512.0,65,0.0,7
2029-07-12,Brooch,Gold Jewelry,8,4299800.0,98,34398400.0,7
2029-07-13,Charm,Gold Jewelry,0,4004291.0,40,0.0,7
2029-07-14,Earring,Gold Jewelry,9,4425828.0,13,39832452.0,7
2029-07-15,Pendant,Gold Jewelry,2,4854361.0,31,9708722.0,7
2029-07-16,Anklet,Gold Jewelry,4,4004291.0,75,16017164.0,7
2029-07-17,Brooch,Gold Jewelry,6,3126584.0,92,18759504.0,7
2029-07-18,Necklace,Gold Jewelry,4,4235302.0,61,16941208.0,7
2029-07-19,Charm,Gold Jewelry,7,3722015.0,33,26054105.0,7
2029-07-20,Necklace,Gold Jewelry,11,3411471.0,50,37526181.0,7
2029-07-21,Anklet,Gold Jewelry,4,4004291.0,71,16017164.0,7
2029-07-22,Bracelet,Gold Jewelry,0,4004291.0,22,0.0,7
2029-07-23,Bangle,Gold Jewelry,4,4800067.0,70,19200268.0,7
2029-07-24,Anklet,Gold Jewelry,3,4389070.0,68,13167210.0,7
2029-07-25,Gold Bar,Gold Jewelry,5,4484348.0,12,22421740.0,7
2029-07-26,Anklet,Gold Jewelry,2,4004291.0,66,8008582.0,7
2029-07-27,Necklace,Gold Jewelry,14,3688741.0,36,51642374.0,7
2029-07-28,Earring,Gold Jewelry,10,4004291.0,3,40042910.0,7
2029-07-29,Pendant,Gold Jewelry,4,4858615.0,27,19434460.0,7
2029-07-30,Earring,Gold Jewelry,1,3285277.0,2,3285277.0,7
2029-07-31,Necklace,Gold Jewelry,0,2977449.0,36,0.0,7
2029-08-01,Pendant,Gold Jewelry,5,4004291.0,22,20021455.0,8
2029-08-02,Gold Bar,Gold Jewelry,12,4023995.0,100,48287940.0,8
2029-08-03,Bangle,Gold Jewelry,14,3133420.0,56,43867880.0,8
2029-08-04,Brooch,Gold Jewelry,11,4466662.0,81,49133282.0,8
2029-08-05,Necklace,Gold Jewelry,5,2973870.0,31,14869350.0,8
2029-08-06,Charm,Gold Jewelry,4,3695636.0,29,14782544.0,8
2029-08-07,Necklace,Gold Jewelry,5,4004291.0,26,20021455.0,8
2029-08-08,Necklace,Gold Jewelry,10,3288377.0,16,32883770.0,8
2029-08-09,Pendant,Gold Jewelry,6,4004291.0,16,24025746.0,8
2029-08-10,Ring,Gold Jewelry,11,4841564.0,63,53257204.0,8
2029-08-11,Anklet,Gold Jewelry,4,3333330.0,62,13333320.0,8
2029-08-12,Ring,Gold Jewelry,0,3758004.0,63,0.0,8
2029-08-13,Gold Bar,Gold Jewelry,7,4004291.0,93,28030037.0,8
2029-08-14,Charm,Gold Jewelry,3,4436786.0,26,13310358.0,8
2029-08-15,Bangle,Gold Jewelry,8,3270744.0,48,26165952.0,8
2029-08-16,Bracelet,Gold Jewelry,13,3348677.0,9,43532801.0,8
2029-08-17,Gold Bar,Gold Jewelry,9,4004291.0,84,36038619.0,8
2029-08-18,Bracelet,Gold Jewelry,0,3661698.0,9,0.0,8
2029-08-19,Bracelet,Gold Jewelry,5,3364395.0,4,16821975.0,8
2029-08-20,Bangle,Gold Jewelry,0,4121393.0,48,0.0,8
2029-08-21,Earring,Gold Jewelry,2,4004291.0,100,8008582.0,8
2029-08-22,Ring,Gold Jewelry,2,4936319.0,61,9872638.0,8
2029-08-23,Necklace,Gold Jewelry,9,3779015.0,7,34011135.0,8
2029-08-24,Brooch,Gold Jewelry,11,4004291.0,70,44047201.0,8
2029-08-25,Bracelet,Gold Jewelry,11,3640830.0,93,40049130.0,8
2029-08-26,Charm,Gold Jewelry,3,3129539.0,23,9388617.0,8
2029-08-27,Gold Bar,Gold Jewelry,5,4592455.0,79,22962275.0,8
2029-08-28,Earring,Gold Jewelry,14,3116150.0,86,43626100.0,8
2029-08-29,Bracelet,Gold Jewelry,6,4004291.0,87,24025746.0,8
2029-08-30,Earring,Gold Jewelry,9,4696964.0,77,42272676.0,8
2029-08-31,Earring,Gold Jewelry,3,4004291.0,74,12012873.0,8
2029-09-01,Bracelet,Gold Jewelry,5,3341415.0,82,16707075.0,9
2029-09-02,Pendant,Gold Jewelry,10,4824658.0,6,48246580.0,9
2029-09-03,Anklet,Gold Jewelry,0,3499012.0,62,0.0,9
2029-09-04,Charm,Gold Jewelry,13,4489265.0,10,58360445.0,9
2029-09-05,Necklace,Gold Jewelry,7,4004291.0,100,28030037.0,9
2029-09-06,Necklace,Gold Jewelry,6,3579357.0,94,21476142.0,9
2029-09-07,Charm,Gold Jewelry,14,4004291.0,96,56060074.0,9
2029-09-08,Pendant,Gold Jewelry,10,4004291.0,96,40042910.0,9
2029-09-09,Necklace,Gold Jewelry,0,4004291.0,94,0.0,9
2029-09-10,Earring,Gold Jewelry,8,4004291.0,66,32034328.0,9
2029-09-11,Bangle,Gold Jewelry,2,4862534.0,46,9725068.0,9
2029-09-12,Gold Bar,Gold Jewelry,1,2990159.0,78,2990159.0,9
2029-09-13,Ring,Gold Jewelry,0,4004291.0,61,0.0,9
2029-09-14,Necklace,Gold Jewelry,2,3498372.0,92,6996744.0,9
2029-09-15,Charm,Gold Jewelry,4,4948237.0,92,19792948.0,9
2029-09-16,Bangle,Gold Jewelry,13,3606608.0,33,46885904.0,9
2029-09-17,Bracelet,Gold Jewelry,10,4004291.0,72,40042910.0,9
2029-09-18,Anklet,Gold Jewelry,1,3796820.0,61,3796820.0,9
2029-09-19,Charm,Gold Jewelry,11,3676864.0,81,40445504.0,9
2029-09-20,Earring,Gold Jewelry,2,4937338.0,64,9874676.0,9
2029-09-21,Anklet,Gold Jewelry,14,4090265.0,47,57263710.0,9
2029-09-22,Gold Bar,Gold Jewelry,14,4076365.0,64,57069110.0,9
2029-09-23,Gold Bar,Gold Jewelry,14,4194604.0,50,58724456.0,9
2029-09-24,Pendant,Gold Jewelry,3,3131098.0,93,9393294.0,9
2029-09-25,Brooch,Gold Jewelry,6,4511824.0,64,27070944.0,9
2029-09-26,Pendant,Gold Jewelry,12,4015497.0,81,48185964.0,9
2029-09-27,Bangle,Gold Jewelry,0,4481482.0,33,0.0,9
2029-09-28,Anklet,Gold Jewelry,14,3866952.0,33,54137328.0,9
2029-09-29,Brooch,Gold Jewelry,8,3961687.0,56,31693496.0,9
2029-09-30,Bracelet,Gold Jewelry,7,3299329.0,65,23095303.0,9
2029-10-01,Earring,Gold Jewelry,6,3083750.0,58,18502500.0,10
2029-10-02,Anklet,Gold Jewelry,24,2988092.0,9,71714208.0,10
2029-10-03,Pendant,Gold Jewelry,0,3102000.0,81,0.0,10
2029-10-04,Ring,Gold Jewelry,0,4004291.0,61,0.0,10
2029-10-05,Brooch,Gold Jewelry,0,3191137.0,56,0.0,10
2029-10-06,Brooch,Gold Jewelry,0,4004291.0,56,0.0,10
2029-10-07,Earring,Gold Jewelry,14,4004291.0,44,56060074.0,10
2029-10-08,Necklace,Gold Jewelry,4,3250153.0,88,13000612.0,10
2029-10-09,Gold Bar,Gold Jewelry,28,3981178.0,22,111472984.0,10
2029-10-10,Gold Bar,Gold Jewelry,10,4004291.0,12,40042910.0,10
2029-10-11,Ring,Gold Jewelry,4,3109069.0,57,12436276.0,10
2029-10-12,Bangle,Gold Jewelry,20,3439010.0,13,68780200.0,10
2029-10-13,Bangle,Gold Jewelry,8,4163894.0,5,33311152.0,10
2029-10-14,Bracelet,Gold Jewelry,24,4511697.0,41,108280728.0,10
2029-10-15,Anklet,Gold Jewelry,28,3582092.0,81,100298576.0,10
2029-10-16,Charm,Gold Jewelry,26,3972496.0,55,103284896.0,10
2029-10-17,Necklace,Gold Jewelry,0,3474792.0,88,0.0,10
2029-10-18,Pendant,Gold Jewelry,28,4450826.0,53,124623128.0,10
2029-10-19,Charm,Gold Jewelry,12,4004291.0,43,48051492.0,10
2029-10-20,Charm,Gold Jewelry,2,3500107.0,41,7000214.0,10
2029-10-21,Brooch,Gold Jewelry,0,3541635.0,56,0.0,10
2029-10-22,Ring,Gold Jewelry,24,4937793.0,33,118507032.0,10
2029-10-23,Gold Bar,Gold Jewelry,0,4974836.0,12,0.0,10
2029-10-24,Bracelet,Gold Jewelry,20,3922407.0,21,78448140.0,10
2029-10-25,Bangle,Gold Jewelry,4,4581457.0,1,18325828.0,10
2029-10-26,Ring,Gold Jewelry,10,4050748.0,23,40507480.0,10
2029-10-27,Brooch,Gold Jewelry,18,4263640.0,38,76745520.0,10
2029-10-28,Pendant,Gold Jewelry,18,3394453.0,35,61100154.0,10
2029-10-29,Bracelet,Gold Jewelry,26,4738561.0,95,123202586.0,10
2029-10-30,Brooch,Gold Jewelry,8,4004291.0,30,32034328.0,10
2029-10-31,Gold Bar,Gold Jewelry,22,2926036.0,90,64372792.0,10
2029-11-01,Gold Bar,Gold Jewelry,2,4079517.0,88,8159034.0,11
2029-11-02,Gold Bar,Gold Jewelry,16,4004291.0,72,64068656.0,11
2029-11-03,Ring,Gold Jewelry,14,3252849.0,9,45539886.0,11
2029-11-04,Ring,Gold Jewelry,4,3569503.0,5,14278012.0,11
2029-11-05,Bangle,Gold Jewelry,14,3307141.0,87,46299974.0,11
2029-11-06,Bangle,Gold Jewelry,26,4808217.0,61,125013642.0,11
2029-11-07,Pendant,Gold Jewelry,16,3222783.0,19,51564528.0,11
2029-11-08,Bracelet,Gold Jewelry,26,4004291.0,69,104111566.0,11
2029-11-09,Earring,Gold Jewelry,28,4464732.0,16,125012496.0,11
2029-11-10,Earring,Gold Jewelry,4,3470117.0,12,13880468.0,11
2029-11-11,Brooch,Gold Jewelry,4,3278680.0,26,13114720.0,11
2029-11-12,Gold Bar,Gold Jewelry,2,4390086.0,70,8780172.0,11
2029-11-13,Bracelet,Gold Jewelry,14,4004291.0,55,56060074.0,11
2029-11-14,Charm,Gold Jewelry,18,3522718.0,23,63408924.0,11
2029-11-15,Ring,Gold Jewelry,0,4004291.0,5,0.0,11
2029-11-16,Anklet,Gold Jewelry,14,4999458.0,67,69992412.0,11
2029-11-17,Necklace,Gold Jewelry,12,3468610.0,76,41623320.0,11
2029-11-18,Pendant,Gold Jewelry,26,2915042.0,93,75791092.0,11
2029-11-19,Gold Bar,Gold Jewelry,12,3299802.0,58,39597624.0,11
2029-11-20,Gold Bar,Gold Jewelry,4,4004291.0,54,16017164.0,11
2029-11-21,Gold Bar,Gold Jewelry,0,4004291.0,54,0.0,11
2029-11-22,Ring,Gold Jewelry,0,3640410.0,5,0.0,11
2029-11-23,Ring,Gold Jewelry,16,3042895.0,89,48686320.0,11
2029-11-24,Necklace,Gold Jewelry,8,4004291.0,68,32034328.0,11
2029-11-25,Charm,Gold Jewelry,0,4004291.0,23,0.0,11
2029-11-26,Bracelet,Gold Jewelry,28,3830783.0,27,107261924.0,11
2029-11-27,Gold Bar,Gold Jewelry,8,4253219.0,46,34025752.0,11
2029-11-28,Earring,Gold Jewelry,24,4004291.0,88,96102984.0,11
2029-11-29,Bangle,Gold Jewelry,14,4004291.0,47,56060074.0,11
2029-11-30,Earring,Gold Jewelry,14,4662520.0,74,65275280.0,11
2029-12-01,Brooch,Gold Jewelry,8,4845510.0,18,38764080.0,12
2029-12-02,Earring,Gold Jewelry,22,4390017.0,52,96580374.0,12
2029-12-03,Brooch,Gold Jewelry,16,4640388.0,2,74246208.0,12
2029-12-04,Anklet,Gold Jewelry,28,4640599.0,39,129936772.0,12
2029-12-05,Bangle,Gold Jewelry,0,3021519.0,47,0.0,12
2029-12-06,Earring,Gold Jewelry,6,3271852.0,46,19631112.0,12
2029-12-07,Anklet,Gold Jewelry,4,4665817.0,35,18663268.0,12
2029-12-08,Pendant,Gold Jewelry,2,3080001.0,91,6160002.0,12
2029-12-09,Bracelet,Gold Jewelry,28,4004291.0,99,112120148.0,12
2029-12-10,Anklet,Gold Jewelry,14,3586494.0,21,50210916.0,12
2029-12-11,Bracelet,Gold Jewelry,12,3496231.0,87,41954772.0,12
2029-12-12,Earring,Gold Jewelry,16,4004291.0,30,64068656.0,12
2029-12-13,Charm,Gold Jewelry,2,4004291.0,21,8008582.0,12
2029-12-14,Anklet,Gold Jewelry,26,3564187.0,95,92668862.0,12
2029-12-15,Bangle,Gold Jewelry,26,3000643.0,21,78016718.0,12
2029-12-16,Earring,Gold Jewelry,6,3049771.0,24,18298626.0,12
2029-12-17,Gold Bar,Gold Jewelry,26,3925832.0,20,102071632.0,12
2029-12-18,Ring,Gold Jewelry,28,4461289.0,61,124916092.0,12
2029-12-19,Anklet,Gold Jewelry,10,3915423.0,85,39154230.0,12
2029-12-20,Bangle,Gold Jewelry,20,4004291.0,1,80085820.0,12
2029-12-21,Pendant,Gold Jewelry,4,4728408.0,87,18913632.0,12
2029-12-22,Gold Bar,Gold Jewelry,14,3568673.0,6,49961422.0,12
2029-12-23,Pendant,Gold Jewelry,4,4626034.0,83,18504136.0,12
2029-12-24,Earring,Gold Jewelry,0,3020362.0,24,0.0,12
2029-12-25,Ring,Gold Jewelry,22,4004291.0,39,88094402.0,12
2029-12-26,Anklet,Gold Jewelry,24,4946503.0,61,118716072.0,12
2029-12-27,Anklet,Gold Jewelry,24,3086798.0,37,74083152.0,12
2029-12-28,Charm,Gold Jewelry,2,4004291.0,19,8008582.0,12
2029-12-29,Charm,Gold Jewelry,24,3384788.0,95,81234912.0,12
2029-12-30,Earring,Gold Jewelry,24,4004291.0,100,96102984.0,12
2029-12-31,Earring,Gold Jewelry,4,4004291.0,96,16017164.0,12
2030-01-01,Ring,Gold Jewelry,10,4801007.0,29,48010070.0,1
2030-01-02,Charm,Gold Jewelry,5,4673314.0,90,23366570.0,1
2030-01-03,Bangle,Gold Jewelry,1,4653122.0,100,4653122.0,1
2030-01-04,Bangle,Gold Jewelry,7,4004291.0,93,28030037.0,1
2030-01-05,Ring,Gold Jewelry,0,3690292.0,29,0.0,1
2030-01-06,Bangle,Gold Jewelry,6,4004291.0,87,24025746.0,1
2030-01-07,Brooch,Gold Jewelry,1,4004291.0,1,4004291.0,1
2030-01-08,Bracelet,Gold Jewelry,9,4826717.0,78,43440453.0,1
2030-01-09,Ring,Gold Jewelry,11,4517741.0,18,49695151.0,1
2030-01-10,Ring,Gold Jewelry,5,3106573.0,13,15532865.0,1
2030-01-11,Necklace,Gold Jewelry,11,3277281.0,57,36050091.0,1
2030-01-12,Gold Bar,Gold Jewelry,1,4004291.0,5,4004291.0,1
2030-01-13,Gold Bar,Gold Jewelry,1,4004291.0,4,4004291.0,1
2030-01-14,Brooch,Gold Jewelry,9,3139207.0,92,28252863.0,1
2030-01-15,Charm,Gold Jewelry,12,4004291.0,78,48051492.0,1
2030-01-16,Earring,Gold Jewelry,7,4006110.0,89,28042770.0,1
2030-01-17,Earring,Gold Jewelry,14,3092389.0,75,43293446.0,1
2030-01-18,Pendant,Gold Jewelry,14,3980665.0,69,55729310.0,1
2030-01-19,Brooch,Gold Jewelry,0,4027797.0,92,0.0,1
2030-01-20,Ring,Gold Jewelry,1,4004291.0,12,4004291.0,1
2030-01-21,Brooch,Gold Jewelry,6,3748963.0,86,22493778.0,1
2030-01-22,Brooch,Gold Jewelry,0,3500015.0,86,0.0,1
2030-01-23,Brooch,Gold Jewelry,7,4004291.0,79,28030037.0,1
2030-01-24,Gold Bar,Gold Jewelry,6,4004291.0,98,24025746.0,1
2030-01-25,Brooch,Gold Jewelry,13,4975053.0,66,64675689.0,1
2030-01-26,Bracelet,Gold Jewelry,0,3753179.0,78,0.0,1
2030-01-27,Earring,Gold Jewelry,13,3685401.0,62,47910213.0,1
2030-01-28,Pendant,Gold Jewelry,6,4912181.0,63,29473086.0,1
2030-01-29,Bracelet,Gold Jewelry,10,4987046.0,68,49870460.0,1
2030-01-30,Pendant,Gold Jewelry,5,4004291.0,58,20021455.0,1
2030-01-31,Necklace,Gold Jewelry,12,4004291.0,45,48051492.0,1
2030-02-01,Pendant,Gold Jewelry,6,4747731.0,52,28486386.0,2
2030-02-02,Earring,Gold Jewelry,4,3855921.0,58,15423684.0,2
2030-02-03,Earring,Gold Jewelry,6,4478817.0,52,26872902.0,2
2030-02-04,Brooch,Gold Jewelry,0,2998207.0,66,0.0,2
2030-02-05,Anklet,Gold Jewelry,0,4004291.0,37,0.0,2
2030-02-06,Necklace,Gold Jewelry,8,3819698.0,37,30557584.0,2
2030-02-07,Ring,Gold Jewelry,0,4004291.0,12,0.0,2
2030-02-08,Bangle,Gold Jewelry,4,4491657.0,83,17966628.0,2
2030-02-09,Pendant,Gold Jewelry,12,4004291.0,40,48051492.0,2
2030-02-10,Anklet,Gold Jewelry,4,4676967.0,33,18707868.0,2
2030-02-11,Brooch,Gold Jewelry,2,3479226.0,64,6958452.0,2
2030-02-12,Gold Bar,Gold Jewelry,4,4004291.0,94,16017164.0,2
2030-02-13,Ring,Gold Jewelry,2,4004291.0,10,8008582.0,2
2030-02-14,Charm,Gold Jewelry,8,3377244.0,70,27017952.0,2
2030-02-15,Anklet,Gold Jewelry,8,3771809.0,25,30174472.0,2
2030-02-16,Gold Bar,Gold Jewelry,5,3426999.0,89,17134995.0,2
2030-02-17,Necklace,Gold Jewelry,14,3554262.0,23,49759668.0,2
2030-02-18,Brooch,Gold Jewelry,0,4943549.0,64,0.0,2
2030-02-19,Ring,Gold Jewelry,6,4004291.0,4,24025746.0,2
2030-02-20,Ring,Gold Jewelry,6,4726053.0,98,28356318.0,2
2030-02-21,Ring,Gold Jewelry,13,3345907.0,85,43496791.0,2
2030-02-22,Necklace,Gold Jewelry,9,3810158.0,14,34291422.0,2
2030-02-23,Pendant,Gold Jewelry,9,4242806.0,31,38185254.0,2
2030-02-24,Charm,Gold Jewelry,3,4235308.0,67,12705924.0,2
2030-02-25,Necklace,Gold Jewelry,7,3361102.0,7,23527714.0,2
2030-02-26,Bangle,Gold Jewelry,5,4568650.0,78,22843250.0,2
2030-02-27,Charm,Gold Jewelry,3,4004291.0,64,12012873.0,2
2030-02-28,Earring,Gold Jewelry,3,2998635.0,49,8995905.0,2
2030-03-01,Brooch,Gold Jewelry,1,4343930.0,63,4343930.0,3
2030-03-02,Necklace,Gold Jewelry,13,4004291.0,94,52055783.0,3
2030-03-03,Gold Bar,Gold Jewelry,1,4004291.0,88,4004291.0,3
2030-03-04,Charm,Gold Jewelry,11,4317713.0,53,47494843.0,3
2030-03-05,Bangle,Gold Jewelry,0,4105828.0,78,0.0,3
2030-03-06,Earring,Gold Jewelry,3,3173584.0,46,9520752.0,3
2030-03-07,Pendant,Gold Jewelry,4,4004291.0,27,16017164.0,3
2030-03-08,Gold Bar,Gold Jewelry,7,4073113.0,81,28511791.0,3
2030-03-09,Charm,Gold Jewelry,14,4004291.0,39,56060074.0,3
2030-03-10,Brooch,Gold Jewelry,5,4667444.0,58,23337220.0,3
2030-03-11,Gold Bar,Gold Jewelry,13,3032666.0,68,39424658.0,3
2030-03-12,Earring,Gold Jewelry,14,4004291.0,32,56060074.0,3
2030-03-13,Gold Bar,Gold Jewelry,3,4004291.0,65,12012873.0,3
2030-03-14,Bracelet,Gold Jewelry,12,3813285.0,56,45759420.0,3
2030-03-15,Anklet,Gold Jewelry,10,3247383.0,15,32473830.0,3
2030-03-16,Pendant,Gold Jewelry,6,4004291.0,21,24025746.0,3
2030-03-17,Earring,Gold Jewelry,7,3113552.0,25,21794864.0,3
2030-03-18,Gold Bar,Gold Jewelry,0,3707079.0,65,0.0,3
2030-03-19,Anklet,Gold Jewelry,11,4871524.0,4,53586764.0,3
2030-03-20,Anklet,Gold Jewelry,6,4395401.0,98,26372406.0,3
2030-03-21,Gold Bar,Gold Jewelry,14,4004291.0,51,56060074.0,3
2030-03-22,Brooch,Gold Jewelry,13,4004291.0,45,52055783.0,3
2030-03-23,Bracelet,Gold Jewelry,1,3568916.0,55,3568916.0,3
2030-03-24,Necklace,Gold Jewelry,1,4004291.0,93,4004291.0,3
2030-03-25,Bracelet,Gold Jewelry,7,4004291.0,48,28030037.0,3
2030-03-26,Gold Bar,Gold Jewelry,1,4141430.0,50,4141430.0,3
2030-03-27,Pendant,Gold Jewelry,14,4004291.0,7,56060074.0,3
2030-03-28,Necklace,Gold Jewelry,10,4004291.0,83,40042910.0,3
2030-03-29,Earring,Gold Jewelry,8,4868662.0,17,38949296.0,3
2030-03-30,Bracelet,Gold Jewelry,11,4004291.0,37,44047201.0,3
2030-03-31,Gold Bar,Gold Jewelry,0,4004291.0,50,0.0,3
2030-04-01,Bracelet,Gold Jewelry,14,4737810.0,23,66329340.0,4
2030-04-02,Necklace,Gold Jewelry,8,4004291.0,75,32034328.0,4
2030-04-03,Bangle,Gold Jewelry,0,4119714.0,78,0.0,4
2030-04-04,Charm,Gold Jewelry,0,3272416.0,39,0.0,4
2030-04-05,Bracelet,Gold Jewelry,9,3000149.0,14,27001341.0,4
2030-04-06,Earring,Gold Jewelry,12,3309344.0,5,39712128.0,4
2030-04-07,Earring,Gold Jewelry,9,4004291.0,96,36038619.0,4
2030-04-08,Ring,Gold Jewelry,1,3089947.0,84,3089947.0,4
2030-04-09,Bracelet,Gold Jewelry,5,4004291.0,9,20021455.0,4
2030-04-10,Charm,Gold Jewelry,5,4016771.0,34,20083855.0,4
2030-04-11,Brooch,Gold Jewelry,0,4575033.0,45,0.0,4
2030-04-12,Anklet,Gold Jewelry,6,4004291.0,92,24025746.0,4
2030-04-13,Charm,Gold Jewelry,7,4004291.0,27,28030037.0,4
2030-04-14,Anklet,Gold Jewelry,1,3645413.0,91,3645413.0,4
2030-04-15,Anklet,Gold Jewelry,7,4379474.0,84,30656318.0,4
2030-04-16,Bangle,Gold Jewelry,8,3318539.0,70,26548312.0,4
2030-04-17,Ring,Gold Jewelry,5,4327425.0,79,21637125.0,4
2030-04-18,Charm,Gold Jewelry,0,4004291.0,27,0.0,4
2030-04-19,Charm,Gold Jewelry,11,4393420.0,16,48327620.0,4
2030-04-20,Bangle,Gold Jewelry,8,4004291.0,62,32034328.0,4
2030-04-21,Bracelet,Gold Jewelry,12,4018457.0,97,48221484.0,4
2030-04-22,Bracelet,Gold Jewelry,11,4974147.0,86,54715617.0,4
2030-04-23,Bracelet,Gold Jewelry,10,4004291.0,76,40042910.0,4
2030-04-24,Pendant,Gold Jewelry,8,4539220.0,99,36313760.0,4
2030-04-25,Anklet,Gold Jewelry,0,4097787.0,84,0.0,4
2030-04-26,Pendant,Gold Jewelry,10,3958126.0,89,39581260.0,4
2030-04-27,Ring,Gold Jewelry,2,3911335.0,77,7822670.0,4
2030-04-28,Bangle,Gold Jewelry,8,4907157.0,54,39257256.0,4
2030-04-29,Charm,Gold Jewelry,10,4954539.0,6,49545390.0,4
2030-04-30,Anklet,Gold Jewelry,1,3932320.0,83,3932320.0,4
2030-05-01,Pendant,Gold Jewelry,11,3692846.0,78,40621306.0,5
2030-05-02,Pendant,Gold Jewelry,3,4683313.0,75,14049939.0,5
2030-05-03,Gold Bar,Gold Jewelry,3,4062129.0,47,12186387.0,5
2030-05-04,Pendant,Gold Jewelry,1,4530429.0,74,4530429.0,5
2030-05-05,Brooch,Gold Jewelry,14,3884210.0,31,54378940.0,5
2030-05-06,Charm,Gold Jewelry,2,4927526.0,4,9855052.0,5
2030-05-07,Brooch,Gold Jewelry,12,4004291.0,19,48051492.0,5
2030-05-08,Charm,Gold Jewelry,2,3009266.0,2,6018532.0,5
2030-05-09,Bangle,Gold Jewelry,0,4004291.0,54,0.0,5
2030-05-10,Charm,Gold Jewelry,5,3533210.0,97,17666050.0,5
2030-05-11,Brooch,Gold Jewelry,7,4004291.0,12,28030037.0,5
2030-05-12,Charm,Gold Jewelry,11,3252849.0,86,35781339.0,5
2030-05-13,Bangle,Gold Jewelry,2,3458806.0,52,6917612.0,5
2030-05-14,Bangle,Gold Jewelry,0,4794919.0,52,0.0,5
2030-05-15,Ring,Gold Jewelry,0,4440235.0,77,0.0,5
2030-05-16,Charm,Gold Jewelry,9,4438816.0,77,39949344.0,5
2030-05-17,Gold Bar,Gold Jewelry,6,4408197.0,41,26449182.0,5
2030-05-18,Bracelet,Gold Jewelry,9,4058278.0,67,36524502.0,5
2030-05-19,Earring,Gold Jewelry,12,3421358.0,84,41056296.0,5
2030-05-20,Bangle,Gold Jewelry,0,4004291.0,52,0.0,5
2030-05-21,Necklace,Gold Jewelry,11,3720744.0,64,40928184.0,5
2030-05-22,Bracelet,Gold Jewelry,10,4004291.0,57,40042910.0,5
2030-05-23,Anklet,Gold Jewelry,8,4004291.0,75,32034328.0,5
2030-05-24,Charm,Gold Jewelry,7,4004291.0,70,28030037.0,5
2030-05-25,Brooch,Gold Jewelry,6,3296385.0,6,19778310.0,5
2030-05-26,Earring,Gold Jewelry,9,4004291.0,75,36038619.0,5
2030-05-27,Necklace,Gold Jewelry,14,4004291.0,50,56060074.0,5
2030-05-28,Bracelet,Gold Jewelry,6,4004291.0,51,24025746.0,5
2030-05-29,Charm,Gold Jewelry,0,4004291.0,70,0.0,5
2030-05-30,Ring,Gold Jewelry,4,3920976.0,73,15683904.0,5
2030-05-31,Anklet,Gold Jewelry,10,4004291.0,65,40042910.0,5
2030-06-01,Earring,Gold Jewelry,12,4917354.0,63,59008248.0,6
2030-06-02,Gold Bar,Gold Jewelry,4,3798359.0,37,15193436.0,6
2030-06-03,Ring,Gold Jewelry,0,4004291.0,73,0.0,6
2030-06-04,Necklace,Gold Jewelry,7,4004291.0,43,28030037.0,6
2030-06-05,Earring,Gold Jewelry,11,4004291.0,52,44047201.0,6
2030-06-06,Ring,Gold Jewelry,10,4004291.0,63,40042910.0,6
2030-06-07,Anklet,Gold Jewelry,0,4485639.0,65,0.0,6
2030-06-08,Gold Bar,Gold Jewelry,3,4271356.0,34,12814068.0,6
2030-06-09,Ring,Gold Jewelry,14,4782646.0,49,66957044.0,6
2030-06-10,Pendant,Gold Jewelry,8,3062518.0,66,24500144.0,6
2030-06-11,Gold Bar,Gold Jewelry,13,3169855.0,21,41208115.0,6
2030-06-12,Necklace,Gold Jewelry,8,4910334.0,35,39282672.0,6
2030-06-13,Anklet,Gold Jewelry,4,4004291.0,61,16017164.0,6
2030-06-14,Charm,Gold Jewelry,3,3115243.0,67,9345729.0,6
2030-06-15,Brooch,Gold Jewelry,2,4002878.0,4,8005756.0,6
2030-06-16,Brooch,Gold Jewelry,2,4843756.0,2,9687512.0,6
2030-06-17,Brooch,Gold Jewelry,11,4004291.0,91,44047201.0,6
2030-06-18,Earring,Gold Jewelry,4,4004291.0,48,16017164.0,6
2030-06-19,Necklace,Gold Jewelry,9,4695318.0,26,42257862.0,6
2030-06-20,Anklet,Gold Jewelry,0,4004291.0,61,0.0,6
2030-06-21,Gold Bar,Gold Jewelry,4,4004291.0,17,16017164.0,6
2030-06-22,Earring,Gold Jewelry,5,4004291.0,43,20021455.0,6
2030-06-23,Necklace,Gold Jewelry,6,4004291.0,20,24025746.0,6
